,A07,A10,B25,B02,B22,A15,A08,A09,B05,B07,A02,A04,A14,A27,B17,B10,B14,B13,A03,B06
0,18240,22425,18094,18974,19703,20423,25592,,,,29753,26013,,27732,25416,,,24289,27448,16633
1,18095,22425,18379,18974,19703,20423,25592,,,20535,29753,26013,,27732,25416,,,24725,26585,16633
2,17949,22426,18379,18974,19703,20423,25592,,,20535,29753,26013,,27732,25416,23128,,24725,26446,16633
3,17805,22426,18379,18974,19703,20423,25592,,,24716,29753,26013,,27730,25416,23128,,24725,24898,16633
4,17659,22426,18379,18974,19703,20423,24729,,,20535,29753,26013,,27731,24291,22155,,24725,24898,16633
5,17514,22426,18379,18974,19703,20423,24729,18243,,20535,29753,26013,,27732,24291,22159,,24725,24898,16633
6,17369,22426,18379,21128,19703,20423,24729,18243,,22727,29753,26013,,27732,22167,23136,,24725,24898,16633
7,17224,22569,18379,19116,19703,20423,24729,18243,,23015,29753,26013,,27732,24291,24472,,24725,26446,16633
8,17222,22713,18379,19116,19703,20423,24729,18243,21128,23593,29753,26153,,27732,24291,27032,,24433,26446,16633
9,16934,22713,18379,19116,19703,20423,24729,18243,18521,23880,29753,26153,,27732,24291,29371,,24433,26446,16926
10,16932,22713,18379,19116,19703,20423,24729,18386,18521,24312,27882,26153,,27732,24146,28072,,24433,26446,16926
11,16787,22713,18523,19116,19703,20423,24729,18385,18664,22408,26010,26153,,27732,24146,26918,,24433,26446,16926
12,16498,22713,18523,19116,19703,20423,24729,18529,18663,22408,23849,26153,,27732,24146,23281,,24869,26591,16926
13,16496,22857,18523,19116,19703,20423,24729,18528,18807,22408,23993,26153,,27732,24146,23281,,24869,26591,16926
14,17247,22857,18667,19116,19703,20423,24873,18671,18806,22694,24282,26153,,27732,24146,22271,,24869,26591,16926
15,17247,22857,18667,19116,19703,20423,24874,18814,18949,22694,24570,26153,,27732,24146,23424,,24869,26591,16926
16,17247,23001,18667,19116,19703,20423,24876,18814,19093,22694,24858,26153,,27732,24146,22271,,24869,26591,16926
17,17247,23001,18811,19116,19703,20423,25164,18957,19093,22406,25146,26153,,27732,24146,22271,,24869,26591,16926
18,16496,23001,18811,19116,19843,20423,25022,18956,19236,21976,25435,26153,,27732,24146,23424,,24869,26591,16926
19,18114,23001,18811,19116,19843,20423,25023,19099,19379,21690,25866,27164,,27732,24146,23424,,24869,26591,16926
20,19126,23144,18955,19116,19843,20423,25025,19243,19378,21690,26011,26153,,27732,24146,23424,,24869,26591,17820
21,20284,23144,18955,19116,19843,20423,25169,19103,19522,21690,26443,26153,,27732,24146,22595,,24869,26591,16926
22,21442,23144,18955,19116,19843,20423,25314,19103,19665,21690,26588,26153,,27732,24146,22595,,24869,26591,16926
23,22598,23287,18955,19116,19843,20423,25172,19103,19664,21690,27163,26153,,27732,24146,22739,,24869,26591,16926
24,24189,23287,18955,19116,19843,20423,25173,19103,19808,23265,27308,26153,,27732,24146,22740,,24869,26591,16926
25,25487,23430,18955,19116,19843,20423,25461,19103,19951,23265,27740,26153,,27732,24146,22742,,24869,26591,16926
26,24740,23430,18955,19116,19843,20423,25319,19103,19950,23265,28029,27164,,27299,24146,22742,,24869,26591,16926
27,,23574,18955,19116,19843,20423,25320,19103,20237,23265,28604,27164,,27732,24146,22886,,24869,26591,16926
28,,23574,19098,19116,19843,20423,25465,19103,20237,19243,28604,27164,,27299,24146,22886,,24869,26591,16926
29,,23574,19098,19116,19843,20423,24911,19103,20380,20967,28604,26153,,27440,24146,23715,,24869,26591,16926
30,,23574,19098,19116,19843,20423,24479,19103,20523,23265,28604,27164,,27299,24146,23715,,24869,26591,16926
31,,23717,19241,19116,19843,20423,24180,19103,20666,23265,28604,27164,,27299,24146,23715,,24725,26591,16926
32,,23717,19241,19116,19843,20423,24180,19103,20666,23265,28604,27164,,27440,24146,22994,,24723,26591,17820
33,,24004,19241,19116,19843,20423,24180,19103,20807,23265,28604,27164,,27440,25583,22994,,24723,26591,17820
34,,23719,19385,19116,19843,20423,24180,19103,21092,23265,28604,26153,,27440,25581,23715,,24723,26591,16926
35,,23719,19385,19116,19843,20423,24180,19103,20949,23265,28604,26153,,27440,24146,23715,,24723,26591,16926
36,,23719,19385,19116,19843,20423,24180,19247,20808,23265,28604,26153,,27440,24146,23715,,24578,26591,16926
37,,23719,19385,19116,19843,20423,23759,19247,20666,22991,28604,26153,,27440,24146,23715,,24577,26591,16926
38,,23719,19385,19116,19843,20423,24180,19247,20525,22407,28604,26153,,27440,24146,23715,,24577,26591,16926
39,,23862,19385,19116,19843,20423,24180,19247,20383,22407,28604,26153,,27440,25581,23586,,24432,26591,16926
40,,24005,19669,19116,19843,20423,23759,19390,20241,22991,28604,26153,23017,27440,25581,23586,,24432,26591,16926
41,,24148,19955,19116,19843,20423,23759,19390,20099,22991,28604,26153,21743,27440,24146,23039,,24432,26591,17820
42,,24291,19955,19116,19843,20423,23759,19390,19958,22991,24425,26153,21885,27440,24146,23039,,24431,26591,16926
43,,24434,19955,19116,19843,20423,23759,19391,20100,25033,28604,26153,22309,27440,25581,23865,,24430,26591,16926
44,,24577,19955,22840,19843,20423,23759,19391,20243,24448,27456,26153,22732,27440,25581,23586,,24430,26591,16926
45,16486,24721,19955,19116,19843,20423,23759,19391,20386,23863,28604,26153,23157,26428,25581,23586,,24430,26591,16926
46,17234,24864,19955,19116,19843,20423,23759,19391,20528,21381,28315,26153,25423,27440,25581,22607,,24283,26591,16926
47,17234,25007,19956,19402,19843,20423,23759,19391,20671,21381,27454,26153,25423,27440,25581,22175,,24865,26591,16926
48,17234,25150,19956,19402,19843,20423,23759,19391,20814,17072,28315,26153,25423,26428,25581,22576,,24865,26591,17820
49,17234,25436,20100,19402,19843,20423,23759,19535,21100,18399,27144,26153,25282,27440,25581,20447,,24720,26591,17820
50,17234,25580,20101,19402,19843,20423,23759,19535,21100,18976,28315,26153,25282,27440,25581,23000,,24720,26591,17820
51,17234,25580,20101,19402,19843,20993,23759,19535,19958,19553,27454,26153,25282,26283,25581,20591,,24719,26591,17820
52,17234,25580,19958,19402,19843,20993,23759,19534,19958,20130,27454,26153,25282,27440,25579,20735,,24719,26591,17820
53,17234,25580,20102,19402,19843,20423,23903,19678,20539,20707,27454,26153,25282,27440,25581,20879,,24575,26591,17820
54,17234,25580,20102,19402,19841,20423,23903,19678,21264,21429,27454,26153,25430,26283,28315,21166,,24575,26591,17820
55,17234,25580,20102,19402,19841,20423,23903,19678,21702,22152,27454,26153,25430,26283,28315,21167,17072,24574,26591,17820
56,16486,25724,20102,19402,19841,20423,23903,19679,22426,22874,27454,26153,25430,26283,24427,21311,17966,24574,25043,17820
57,17234,25724,20104,19116,19841,20993,24465,19679,22864,23452,27454,26153,25427,26283,24427,21598,17966,24573,25043,16926
58,17234,25724,20104,19116,19841,20993,23903,19679,20015,24317,27454,26153,25427,26426,24427,21599,18110,24573,25043,16926
59,16486,25724,20104,19116,19841,20993,23903,19679,19149,25039,27454,26153,25427,26426,24427,21887,18110,24573,26591,16926
60,17234,25724,20104,19116,19841,20993,23903,19679,18568,25905,28315,27162,25427,26426,28315,24153,18253,24573,25333,16926
61,17524,25724,20246,19402,19841,20993,23903,19679,17987,24145,29035,24178,25427,27440,28315,23876,18253,24573,25620,16926
62,17524,25868,20388,19116,19841,20993,23903,19823,17550,27206,28315,24178,25427,26426,28315,23876,18253,24573,26052,16926
63,17669,25868,20388,19116,19841,20993,23903,19822,20390,27203,26451,27162,25427,26426,28315,24017,18397,24573,26340,16926
64,17813,25868,20388,24145,20267,20993,23903,19822,20390,27347,26451,27162,25427,27001,28315,24160,18397,24573,26628,16926
65,17958,25868,20531,19116,20267,20993,24465,19822,20390,27199,26451,26153,25575,26426,28315,24160,18541,24573,26916,16926
66,18102,25726,20531,19116,20267,20993,24465,19966,20390,27487,26451,26153,25575,27440,28315,24160,18541,24572,27348,16926
67,18247,25726,20531,19116,20267,20993,23903,19966,20531,27340,29035,26153,25873,26426,28315,24164,18541,24572,27636,16926
68,18393,25726,20674,19116,20553,20993,24465,19966,20673,27628,28890,27162,25573,26426,28315,23759,18684,24572,27924,16926
69,18537,25725,20674,19116,20553,20993,24465,19967,20814,27481,28171,27162,25573,26426,28315,23759,18684,24572,28211,16926
70,18682,25725,20674,19116,20553,20993,24047,19967,21100,27625,28890,27162,25573,26426,25581,23759,18828,24572,29328,16926
71,18826,25581,20817,19116,20553,20993,24191,19967,21100,27622,28890,27162,25573,26426,28315,23759,18974,24572,29328,16926
72,18972,25724,20817,19116,20553,20993,24479,19967,21100,27766,28890,27197,25573,26426,28315,23903,18974,24572,28351,16926
73,19116,25580,20817,19116,20553,20993,24623,19967,21100,27763,27144,27057,25573,26426,28315,23903,18974,24572,28059,16926
74,19261,25580,20960,19116,20553,20993,25892,19967,21100,27907,28744,26916,25573,26426,28315,23903,19118,24572,27768,16926
75,19551,25579,20960,19116,20553,20993,25892,20110,21244,27905,28744,26776,25573,26426,28315,23903,19118,24572,27476,16926
76,19551,25722,21103,19116,20553,20993,25892,20110,21244,28048,28744,26636,25573,26426,23858,24448,19261,24572,27184,16926
77,19841,25578,21103,19116,20553,20993,25343,20110,21244,27902,28744,26350,25573,26426,23858,24450,19261,24572,26892,16926
78,19984,25578,21103,19542,20553,20993,24767,20254,21244,28190,28744,26351,25573,26426,23858,24047,19405,24572,26746,16926
79,20130,25577,21246,20255,20553,20993,24465,20254,21244,28043,28744,26063,25573,26426,24567,24047,19405,24572,27720,16926
80,20274,25720,21246,20824,20553,20993,24465,20254,21246,28187,28744,25919,26151,26426,24567,24456,19405,24572,27577,16926
81,20420,25729,21246,21678,20553,20993,24465,20254,21246,28185,28744,25895,25573,27441,24567,23017,19549,24572,27577,16926
82,20710,25729,21389,22818,20553,20993,24047,20255,21246,24985,28744,25895,25573,27441,24567,24448,19549,24572,27576,16926
83,20854,25729,21389,22974,20553,20993,24047,20255,21246,23972,28744,25895,25573,27440,24567,24448,19692,24572,27576,16926
84,21144,25729,21389,23273,20553,20993,24191,20255,21390,22818,28744,25895,25573,26426,24567,24456,19692,24572,27576,16926
85,21144,25729,21532,23283,20124,20993,24335,20255,21390,24985,28744,26063,26736,26426,24567,24191,19692,24572,27576,16926
86,21434,25729,21532,23435,20124,20993,24479,20255,21390,23702,28744,26348,26736,26426,24567,24191,19836,24572,27576,16926
87,21577,25729,21676,23587,20124,20993,24623,20398,21391,24985,28744,26736,25573,26426,24567,24191,19982,24572,27576,16926
88,21867,25729,21818,22031,20124,20993,24767,20398,21391,25127,28744,,25573,26137,24567,24191,19982,24572,27576,16926
89,22011,25729,21819,22031,20553,20993,24767,20398,21392,23702,28744,,25573,25583,24567,24598,20126,24572,27576,16926
90,22301,25729,21962,22175,20553,20993,25895,20398,21392,23702,28744,,25573,25723,24567,24598,20126,24572,27576,16926
91,22448,25872,21677,22175,20553,20993,25895,20542,21392,24985,28744,,25573,25723,24567,24598,20270,24572,27576,16926
92,22736,25872,21251,22319,20838,20993,25895,20542,21392,24985,28744,24328,25573,25723,24567,24598,20270,24572,27576,16926
93,22882,26016,21251,22319,20553,20993,24465,20542,21392,23702,28744,25873,25573,25723,24567,24598,20270,24572,27435,16926
94,23170,26016,21251,22463,20838,20993,25895,20543,21392,23702,27024,25873,25573,25723,24567,24746,20413,24572,27720,17820
95,23460,26159,21251,22463,20838,20993,24465,20543,21392,23702,28744,25873,25573,25723,24567,24479,20413,24572,27720,17820
96,23604,26159,21108,22463,20553,20993,24465,20543,21536,23702,28744,25873,25573,25723,24567,24746,20557,24572,27720,17820
97,23895,26160,21252,22607,20553,20993,24465,20543,21536,23702,28456,24186,25573,25723,24567,24746,20557,24572,27720,17820
98,24186,26160,21110,22607,20553,20993,24465,20686,21536,23702,28456,24335,25573,25723,24567,24746,20701,24572,27433,17820
99,24329,26446,21110,22607,20553,20993,24465,20686,21536,23844,28744,24623,26151,25723,24567,24746,20701,24572,27433,17820
100,24620,26446,20967,22751,20553,20993,24465,20686,21537,23987,28456,25895,26151,26137,24567,24746,20844,24572,27433,17820
101,24908,26446,21111,22751,20553,20993,24465,20686,21537,24130,28456,25919,26151,26137,24567,24746,20844,24571,27433,17820
102,25199,26447,21111,22751,20838,20993,24465,20686,21537,24272,28744,26054,26151,24996,24567,24479,20988,24571,27433,17820
103,25343,26733,21112,23600,20553,20993,24465,20830,21537,24415,28456,26298,26151,25723,24567,24746,20990,24571,27433,17820
104,25631,26733,21112,23600,20553,20993,24465,20830,21537,24415,28456,25873,26151,25723,24567,24746,21134,24571,27433,17820
105,25775,26733,20970,21743,20553,20993,25895,20830,21681,24415,28456,24322,25579,25723,24567,24746,21278,24571,27433,17820
106,25919,26734,20970,20447,20553,20993,25895,20831,21681,25274,28456,26013,25150,25723,24567,24746,21278,24571,27433,17820
107,26207,26877,20970,19151,20553,20993,25775,20831,21681,22408,28456,25873,24721,25723,24567,24746,21422,24572,27433,17820
108,26351,26877,20971,17855,20553,20993,25895,20831,21824,20401,28744,25873,24436,25723,24567,24746,21422,24716,27433,17820
109,26495,26877,20971,16415,20553,20993,25895,20831,21824,18826,28456,25873,22456,25723,16483,24746,21422,24716,27433,17820
110,26639,27021,20828,18966,20553,20993,25895,20974,21824,19542,28456,24324,22456,25723,24567,24623,21565,24572,27433,17820
111,26927,27164,20828,18966,20553,20993,25895,20974,21824,20545,28744,24325,22456,25723,24567,24753,21565,24571,27433,17820
112,25320,27164,20829,18966,20553,20993,25895,20974,21824,21691,28744,24327,24436,25723,24567,24753,21709,24426,27433,16926
113,24335,27164,20829,18966,20553,20993,25895,20974,21824,23124,28744,24328,24436,25723,24567,24911,21709,24425,27433,16926
114,24335,27308,20830,18966,20553,20993,25895,20974,21824,24987,28311,24330,24704,25723,24567,24911,21853,24424,27433,16926
115,24335,27451,20831,18966,20553,20993,25775,21118,21968,25569,28744,24331,24436,25723,24567,23609,21853,24424,27433,16926
116,24335,27451,20831,18966,20553,20993,25775,21118,21968,26152,28744,24331,24704,25723,22583,23615,21997,24424,27433,17820
117,25320,27451,20831,18966,20553,20993,25895,21118,21968,26152,28744,24334,24436,25723,24567,23759,21997,24424,27720,17676
118,24335,27881,20831,18966,20553,20993,25895,21118,21968,26152,28311,24334,24436,25723,24567,24047,21997,24424,27720,17676
119,24335,27881,20832,18966,20553,20993,25895,21118,21969,25278,28744,24335,24436,25723,22583,24191,22286,24424,27282,17676
120,24335,27881,20832,18966,20553,20993,25775,21118,21969,,28311,24479,24436,25157,24567,24479,22286,24424,27282,17676
121,24335,28026,20690,18966,20553,20993,25775,21262,21969,16777,28311,24479,24436,25723,24567,24623,22286,24424,27282,17676
122,24479,28027,20690,18966,20553,20993,25775,21262,21969,17958,28311,24623,24436,25723,23858,24767,22430,24424,27282,17676
123,24479,28172,20690,18966,20553,20993,25775,21262,21969,18535,28311,24623,24436,25723,23858,24911,22430,24424,27282,17676
124,24479,28172,20691,18966,20553,20993,25775,21262,22113,18970,26041,24767,24436,25723,23858,24911,22574,24424,27282,17676
125,24479,28317,20691,18681,20553,20993,25775,21262,22113,19547,28304,24767,24436,25723,23858,24911,22718,24424,27282,17533
126,24479,28317,20691,18681,20553,20993,25775,21262,22256,19980,28744,24911,24436,26709,23858,24911,22718,24424,27282,17533
127,24479,28461,20691,18965,20553,20993,25775,21406,22256,20559,25320,24911,24436,26709,24567,24911,22718,24424,27282,17533
128,24479,28462,20549,18681,20553,20993,25775,21406,22256,21136,25320,25055,24436,26710,23858,24911,22861,24424,27282,17533
129,24479,28463,20549,19106,20553,20993,25775,21406,22256,21714,28304,25055,24436,26710,23858,24911,22861,24424,27282,17533
130,24479,28607,20550,18680,20553,20993,25775,21406,22256,22437,28304,25199,24436,26709,23858,24911,23005,24424,27282,17533
131,24623,28608,20550,18680,20553,20993,25631,21406,22256,23159,28165,26041,24436,26710,24567,24465,23005,24424,27282,17533
132,24623,28609,20550,18681,20553,20993,25631,21550,22256,23737,28165,25040,24436,26710,24567,24465,23149,24279,27282,17533
133,24623,28753,20550,18682,20553,20993,25631,21549,22400,24605,28165,24479,24436,26709,23274,24911,23149,24279,27282,17533
134,24623,28754,20551,18683,20553,20993,25631,21549,22400,25327,28165,24623,24436,25848,25124,25055,23439,24279,27282,17389
135,24623,28754,20551,18684,20553,20993,25631,21693,22401,23713,28165,24623,24436,25274,23274,25055,23439,24279,27139,17389
136,24623,28899,20551,18828,20553,21137,25631,21693,22401,21870,28165,24767,24436,26283,23561,25055,23583,24278,27139,17389
137,24623,28899,20408,18829,20553,21137,25631,21693,22401,22439,28165,24767,24436,25709,23849,25055,23583,24278,27139,17389
138,24623,29044,20408,18830,20553,21137,25631,21694,22401,24849,28165,26639,24436,25423,24567,25055,23583,24422,27139,17389
139,24623,29044,20552,18831,20553,21137,25631,21694,22401,24849,28165,29192,24436,25425,23274,25055,23726,24422,27139,17389
140,24767,29045,20409,18832,20553,21281,25631,21694,22401,24849,28165,29231,24436,24420,25124,25055,23726,24422,27139,17389
141,24767,29190,20409,18833,20553,21281,25631,21694,22545,24849,28165,28655,24436,24278,24842,25055,23870,24422,27139,17389
142,24767,29190,20410,18834,20553,21281,25631,21694,22545,24849,28165,28079,24436,24855,24128,25199,24014,24422,27139,17389
143,24767,28330,20410,18978,20553,21282,25487,21694,22545,24849,28165,27503,24436,24138,23702,25199,24014,24277,27139,17389
144,24767,28330,20267,18979,20553,21282,25487,21838,22546,25276,28165,26783,24436,24284,24713,25199,24014,24277,27139,17245
145,24767,28330,20411,18980,20838,21282,25487,21837,22546,25989,28165,26200,24436,23711,24335,25055,24158,24277,27139,17245
146,24767,28330,20411,18981,20553,21282,25487,21981,22546,27005,28165,26063,24436,23713,25124,25199,24302,24277,27140,17245
147,24767,28330,20268,18982,20553,21426,25487,21981,22546,27878,28165,25775,24436,23715,24981,25199,24302,24421,27140,17245
148,24767,28330,20268,18982,20553,21426,25487,21981,22546,28607,28165,25487,24436,23286,24981,25343,24302,24421,27140,17245
149,25048,28330,20269,18983,20553,21426,25487,21982,22546,29936,28165,25343,24436,24724,25124,25343,24445,24421,27140,16496
150,23751,28330,20269,18984,20838,21570,25487,21982,22690,24282,28165,25055,24436,24724,25124,25343,24592,24421,26997,16496
151,25850,29780,20270,19128,20838,21570,25487,21982,22832,24282,28165,24767,24436,24724,23404,25343,24735,24421,26997,16496
152,,28330,20270,19129,20554,21570,25487,21982,22832,28607,28165,24767,24436,24724,23123,25343,24735,24421,26997,16496
153,,28367,20270,19130,20554,21570,25487,21982,22833,28607,28165,24767,24436,24724,24567,25343,24879,24421,26997,16496
154,,29780,20270,19130,20554,21571,25487,21982,22833,27594,28165,24767,24436,24724,24567,25343,25023,24420,26997,17247
155,,30093,20270,19131,20554,21571,25487,22126,22833,27594,28165,24767,24436,22744,24567,25343,25023,24420,26997,16496
156,,29647,20271,19132,20554,21714,25487,22125,22833,27594,28165,24767,28473,22744,24282,25343,25167,24420,26997,16496
157,,28740,20271,19132,20554,21714,25487,22269,22833,28607,28165,24767,24436,22744,24282,25487,25167,24420,26997,16496
158,,28618,20128,19133,21267,21715,25343,22269,22977,28607,28165,27000,24436,22744,24282,25487,25311,24420,26997,16496
159,,28618,20128,19134,21267,21715,25343,22269,22977,31076,28165,27000,24436,22744,24282,25487,25311,24420,26998,16496
160,,28618,20272,19278,21267,21715,25343,22269,22977,31076,28165,27000,24436,22744,24282,25487,25454,24420,26998,16496
161,,28900,20129,19135,21267,21859,25343,22269,22978,31076,28018,27000,24436,22744,24282,25487,25454,24420,26998,16496
162,,28900,20129,19279,21267,21859,25343,22269,22978,31076,28018,27000,24436,22744,24282,25487,25454,24420,26998,16496
163,,28618,20129,19280,21267,21859,25343,22413,22978,31076,28018,27000,24436,22744,24567,25487,25598,24420,26998,16496
164,,28900,20129,19280,21267,21859,25343,22413,22978,31076,28018,27000,24436,22744,24567,25487,25742,24420,26998,16496
165,,28900,20130,19281,21126,22003,25343,22413,22978,31076,28018,27000,24436,22744,24567,25487,25742,24420,26854,16496
166,,28900,20130,19282,21126,22003,25343,22414,23122,31076,28018,27000,24436,22744,24567,25487,26032,24420,26854,17247
167,,28900,20130,19283,21126,22003,25343,22414,23122,31076,28018,27000,24436,22744,24567,25487,26176,24276,26855,16496
168,,28900,20130,19283,21126,22004,25343,22557,23122,31076,28018,27000,24436,22744,24567,25487,26176,24276,26855,16496
169,,28900,20131,19727,21126,22004,25343,22557,23122,31076,28304,27000,24436,22744,24567,25343,26320,24276,26855,16496
170,,28900,20131,19727,20986,22004,25199,22557,23122,31076,28304,26289,24436,24724,24567,25343,26320,24276,26855,16496
171,,28900,20131,19727,20986,22004,25199,22557,23266,31076,28018,25865,24436,22744,24567,25343,26464,24276,27000,16496
172,,28900,19988,19727,20986,22148,25199,22557,23266,31076,28018,25441,24436,22744,24567,25199,26464,24276,26857,16496
173,,28900,19988,19727,20986,22148,25199,22701,23266,31076,28159,25441,24704,24724,24567,25199,26607,24276,26857,16496
174,,28900,19989,19727,20986,22148,25199,22701,23266,31076,28159,26296,28737,25290,24567,25055,26607,24276,26857,16496
175,,28900,19989,19727,20986,22148,25199,22701,23267,31076,28018,26351,25859,24724,24567,25055,26751,24276,26857,16496
176,,28900,19989,19727,21129,22292,25199,22702,23409,31076,28159,26639,24704,24724,24567,24911,26751,24276,26857,16496
177,,28900,19990,19727,21272,22292,,22702,23409,31076,28159,26639,24704,23745,24567,24911,26895,24276,26857,16496
178,,28900,19990,19727,21272,22292,,22702,23409,28607,28159,30210,25859,26296,24567,24767,27039,24276,26857,16496
179,,28900,19990,19727,21272,22293,,22845,23553,28607,28159,30210,28737,26296,24567,24767,27039,24131,26713,17247
180,,28900,19990,19727,21272,22293,,22845,23553,26017,28159,30210,28737,26296,24567,24623,27183,24131,26713,17247
181,,28900,19990,19727,21272,22436,,22845,23553,26017,28159,30527,27733,26296,24567,24623,27183,24131,26713,16496
182,,28903,19991,19727,21272,22436,,22845,23553,26155,28015,30239,27735,26296,24567,24623,27473,24131,26713,16496
183,,28903,19991,19727,21272,22437,,22989,23554,26045,28016,29807,28024,26296,24567,24479,27617,24132,26713,16496
184,,28903,19991,19727,21272,22437,,22989,23554,26155,28015,29375,28026,26296,24567,24479,27761,24132,26713,16496
185,,28076,19991,19727,21272,22437,25343,22989,23554,26158,28015,28943,27884,26296,24567,24335,27761,24132,26569,16496
186,25343,28076,19848,19727,21272,22581,25487,22989,23554,26158,27872,28655,27886,26296,24567,24335,27905,24132,26570,16496
187,26639,28221,19848,18691,21272,22581,25487,22989,23554,26048,27871,28223,27888,26296,24567,24191,27905,24132,26570,16496
188,,28218,19849,18691,21272,22581,25487,22989,23698,26048,27871,27935,28033,26296,24567,24191,28048,24132,26570,16496
189,,28363,19849,19583,21272,22581,25487,23133,23698,26158,27726,27503,28035,25899,24567,24191,28048,24132,26570,16496
190,,28363,19849,19583,21272,22725,25487,23133,23698,26158,27726,27071,28037,25756,24567,24047,28192,24132,26570,16496
191,,28507,19849,19583,21272,22725,25487,23276,23699,26158,27726,26639,28039,25470,24567,24047,28336,24132,26570,16496
192,,28506,19849,19439,21272,22725,25487,23276,23699,26048,27582,26639,27897,25183,24567,23903,28336,24132,26570,16496
193,,28506,19850,19439,21272,22726,25487,23277,23699,26158,27582,26639,28186,25041,24567,23903,28480,24132,26426,16496
194,,28651,19850,19439,21272,22726,25487,23277,23699,26158,27582,26639,29048,24755,28315,23759,28480,23987,26427,16496
195,,28651,19850,19439,21272,22726,25487,23277,23699,26048,27437,26639,29048,24468,28315,23759,28624,23987,26427,16496
196,,28793,19850,19295,21272,22726,25487,23277,23843,26158,27437,26639,27496,24724,28315,23615,28768,23987,26427,16496
197,,28793,19707,19295,21272,22870,25487,23277,23843,24282,27292,26063,26771,25290,28315,23615,25714,23987,26427,16496
198,,28793,19851,19295,21272,22870,25631,23277,23843,23858,27293,25487,26045,24724,28315,23615,25714,23987,26427,16496
199,,28938,19851,19295,21272,22870,25631,23421,23843,23858,27293,24767,25465,24724,28315,23471,25714,23987,26427,16496
200,,28936,19851,19295,21273,23014,25631,23421,23843,26158,27292,24322,24740,24724,31075,23471,25714,23987,26284,16496
201,,29081,19851,19151,21273,23014,25631,23421,23986,26158,27148,24567,25856,24724,31075,23327,25714,23987,26284,16496
202,,29081,19708,19151,21273,23014,25631,23422,23986,26158,27148,24707,25856,24724,28315,23327,25714,23987,26284,16496
203,,29081,19708,19151,21273,23015,25631,23564,24130,26048,27147,24707,25856,24724,31075,23183,25714,23987,26284,16496
204,,29224,19852,19151,21273,23015,25631,23564,24130,26158,27004,22723,25714,24724,31076,23183,25715,23987,26284,16496
205,,29224,19852,19007,21273,23015,25631,23708,24130,,27002,24707,25714,24724,31077,23039,25860,23987,26284,16496
206,,29368,19852,19007,21273,23158,25631,23708,24130,,25564,24707,25714,24724,31078,23039,25860,23987,26284,16496
207,,29369,19709,19007,21273,23159,25631,23708,24130,,26571,24707,25714,24724,31078,23039,25861,23987,26140,16496
208,,29367,19709,19007,21417,23159,25631,23709,24274,,26283,24707,25714,24724,31080,22895,25861,23987,26140,16496
209,,29511,19710,18860,21562,23159,25631,23709,24274,,25995,23020,25714,24724,31081,22895,25862,23986,26141,16496
210,,29511,19710,18860,21707,23303,25775,23709,24274,,27002,23463,25714,24724,31081,22751,26007,23842,26141,16496
211,,29655,19710,18860,21852,23303,25775,23709,24275,,26714,24047,25714,24724,31082,22751,26007,23842,26141,16496
212,,29654,19710,18713,21997,23303,25775,23709,24275,17809,26426,25055,25714,24724,31083,22607,26008,23842,26141,16496
213,,29654,19710,18570,22142,23303,25775,23709,24275,19392,25994,26063,25714,24724,31084,22607,26008,23842,26141,16496
214,,29799,19710,18570,22287,23447,25775,23852,24275,21264,27289,26927,25714,24724,31085,23156,26008,23842,26141,16496
215,,29799,19711,17523,22432,23447,25775,23996,24275,23423,26857,24707,25714,24724,31086,25055,26153,23842,26141,16496
216,,29797,19711,17523,22577,23447,25775,23996,24419,26158,26569,24707,25856,24724,31087,25199,26153,23842,25997,16496
217,,29942,19711,17523,22578,23448,25775,23996,24419,26158,27431,24707,25856,24724,31087,25343,26154,23843,25998,16496
218,,29942,19711,17523,22723,23448,25775,23997,24419,26158,26857,24707,25856,26444,31087,25487,26154,23843,25998,16496
219,,29942,19711,17523,23011,23448,25775,23997,24419,26158,26857,24707,25856,26443,30943,25631,26155,23843,25998,16496
220,,30085,19711,17523,23013,23448,25775,23997,24419,26158,26857,24707,25856,26443,30943,25775,26300,23843,25998,16496
221,,30085,19568,17523,23158,23592,25775,23997,24563,26158,27724,24707,25856,26443,30799,25919,26300,23843,25998,16496
222,,30229,19568,17523,23303,23592,25919,23997,24563,26158,27290,24707,25856,26444,30656,26063,26300,23843,25853,16496
223,,30625,19712,17523,24911,23592,25919,24141,24563,26158,26857,24430,25856,26443,30656,26207,26300,23843,25853,16496
224,,31074,19712,17523,24911,23736,25919,24141,24563,26158,26857,24430,25856,26443,30512,26351,26301,23697,25853,16496
225,,31074,19569,17523,24911,23736,25919,24141,24564,26158,26857,24430,30777,26443,30512,26495,26302,23698,25853,16496
226,,31073,19569,23144,24911,23736,25919,24284,24707,26158,27288,24430,25856,26443,30368,26639,26446,23698,25709,16496
227,,31073,19570,23424,24911,23880,25919,24284,22723,26158,27288,24430,24556,26443,30368,26783,26446,23698,25709,16496
228,,31073,18575,23424,24767,23737,25919,24428,22723,26158,27288,24430,23406,26443,30224,26927,26446,23698,25710,16496
229,,31072,18575,23424,24767,23737,25919,24428,24707,26158,27288,24430,24556,26443,30080,27071,26447,23698,25710,16496
230,,31082,19570,23424,24767,23881,25919,24428,25721,25005,26857,24430,24556,26444,30080,27359,26448,23698,25710,16496
231,,31095,18719,22595,24767,23881,25919,24428,24707,25005,27288,24430,23406,26444,29936,27357,26592,23698,25710,16496
232,,30956,18719,23424,24767,23881,25919,24429,25721,26158,27288,24430,23406,26443,29936,27357,26593,23698,25710,16496
233,,29763,18863,22595,24767,23881,25919,24429,25721,25005,27288,24430,23406,26443,29792,27500,26593,23698,25710,16496
234,,29763,19007,22451,24767,23881,26063,24429,25322,25005,23704,24430,24556,26443,29648,27788,26593,23698,25566,16496
235,,29763,19007,22453,24767,24025,26063,24429,25176,25005,23280,23890,24556,26443,29648,27932,26594,23698,25567,16496
236,,29763,19151,22453,24767,24025,26063,24429,24888,26158,26857,23890,23406,26444,29505,27785,26594,23698,25567,16496
237,,29369,19151,22311,24767,24025,26063,24716,24742,26158,25995,24034,23406,26443,29505,27929,26739,23698,25567,17247
238,,29804,19295,22311,24767,24025,26063,24716,24598,25005,25564,24176,23406,26443,29361,27928,26739,23698,25567,16496
239,,30095,19295,22169,24767,24169,26063,24716,24453,25005,26140,24176,23406,24724,29361,28216,26739,23697,25567,16496
240,,30527,19439,22169,24767,24169,26063,23280,24308,25005,25709,24320,23406,24724,29217,28069,26740,23553,25567,16496
241,,31072,19439,23141,24767,24169,26063,23280,24707,25005,25422,24464,23406,24724,29073,28213,26740,23553,25567,16496
242,,31072,19583,,24767,24169,26063,23280,20715,25005,25998,24463,23406,24724,29073,28357,26740,23553,25423,16496
243,,31072,19583,,24623,24313,26063,23280,18419,25005,25711,24607,23406,24724,28929,28501,26740,23553,25423,16496
244,16202,31072,19727,,24623,24170,26063,23280,15836,25005,25136,24751,23406,24724,28929,28354,26885,23553,25423,16496
245,16202,31072,19727,,24623,24170,26063,23280,13679,26158,24993,24749,23406,24724,28785,28497,26886,23553,25423,16496
246,16633,31072,19871,,24623,24170,26207,23280,14089,25327,25569,24893,23406,24724,28641,28641,26886,23553,25423,16496
247,17525,31072,19871,,24623,24170,26207,23280,12095,25005,25138,24893,23406,24724,28641,28929,26886,23553,25279,16496
248,16777,31072,20015,,24623,24170,26207,23280,12527,25005,24995,25037,23406,24724,28497,25435,26886,23553,25280,16496
249,17525,31072,20015,,24623,24314,26207,23280,12959,25005,24852,25180,23406,24724,28497,25435,26887,23553,25280,17247
250,17525,31072,20159,21848,24623,24314,26207,23280,13391,26158,25140,25180,23406,24724,28354,28782,27032,23553,25280,16496
251,16777,31072,20303,21847,24623,24314,26207,23280,13967,26158,24997,25324,23406,24724,28354,28782,30669,23553,25280,16496
252,16777,31072,20303,21847,24623,24314,26207,23280,14399,26158,24710,25721,23406,24724,28354,28782,30526,23553,25280,16496
253,16777,31072,20303,21847,24623,24458,26207,23280,14831,18136,25142,24893,23406,24724,28210,28782,30526,23553,25280,16496
254,16777,31072,20447,21846,24623,24458,26207,23280,15263,26158,24999,24464,24556,24724,28210,28782,30382,23408,25280,17247
255,16777,31072,20591,21846,24623,24458,26207,23280,15695,26158,24712,23893,24556,24724,28066,28782,30238,23408,25280,17247
256,16777,31072,20591,21846,24623,24458,26207,23280,16269,26158,24569,23321,24556,24724,27922,28782,30094,23409,25137,17247
257,16777,31072,20735,21845,24623,24602,26207,23280,16986,26158,24857,23576,22554,24724,27922,28782,29950,23409,25137,16496
258,17525,31072,20735,21845,22136,24602,26207,23280,17703,26158,24714,21883,23858,24724,27778,28782,29806,23409,25137,16496
259,17525,31072,20879,21845,22136,24602,26207,23280,17991,25005,24715,22457,23858,24724,27778,28782,29806,23409,25137,16496
260,16777,31072,20879,21844,22279,24746,26351,23280,18708,26158,24428,25010,23858,24724,27634,28782,29371,23409,25137,16496
261,18246,31072,21023,21844,22279,24746,26351,23280,19282,25005,24285,24466,23858,24724,27490,28782,29371,23409,25137,16496
262,18966,31072,21023,21844,22422,24746,26351,23280,19856,26158,24142,24461,23858,24724,27490,28782,29227,23409,25137,16496
263,19688,31072,21167,21843,22422,24890,26351,23280,20144,26158,23999,24855,23858,24724,27347,28782,29083,23409,24993,16496
264,20409,31072,21167,21843,22566,24747,26351,23280,20718,25005,24431,22872,23858,25150,27347,28782,28939,23409,24994,16496
265,21276,31072,21311,21843,22566,24747,26351,23280,21291,26158,24144,22872,23858,24724,27347,28782,28795,23409,24994,16496
266,22140,31072,21311,21842,22566,24747,26351,23280,21722,25005,24145,24855,23858,25150,27203,28782,28795,23409,24994,16496
267,23005,31072,21455,21985,22566,24891,26351,23280,22153,25005,24002,24855,23858,25150,27059,25435,28651,23409,24994,16496
268,24016,31072,21455,21841,22566,24891,26351,23280,22583,25005,23859,23020,23858,25150,27059,25435,28507,23409,24994,16496
269,25026,31072,21599,21841,22566,24891,26351,23280,23013,25005,23716,23167,23858,25150,26915,28782,28364,23409,24994,16496
270,26181,31072,21599,21840,22566,25035,26351,23280,23444,25005,23573,25010,23858,26307,26915,28782,28072,23264,24994,16496
271,27335,31072,21743,21840,22566,24892,26351,23280,25571,25005,23574,25010,23858,26444,24146,28782,27928,23264,24994,16496
272,25578,29489,21743,21840,22566,24892,26495,23280,25571,23167,23431,25010,23858,26307,24146,28782,27929,23264,24850,16496
273,,29763,21887,21839,22566,24892,26495,23280,25571,23167,23719,25578,23858,25335,24146,28782,27929,23264,24849,16496
274,,29481,21887,21839,22566,25036,26495,23280,25314,23167,23289,23599,23858,24614,25581,28782,27785,23264,22864,16496
275,,29481,22031,21839,22566,24893,26495,23280,25571,23167,24869,25010,24146,23893,25581,28782,27641,23264,24849,16496
276,,29619,22031,21838,22566,24893,26495,24865,25314,25005,24869,25010,24146,23028,25581,28782,27497,23264,24849,16496
277,,29619,22175,21981,22566,24893,26495,24858,25571,25005,24869,26296,24146,23280,25581,28782,27497,23264,22864,16496
278,16777,29619,22175,21837,22566,24893,26495,24865,13224,25005,24869,25010,24146,21012,25581,28782,27353,23264,24849,16496
279,17525,29619,22319,21837,22566,24893,26495,24865,10511,23311,24869,24614,25151,21157,25581,28782,24146,23264,24849,17247
280,17525,29619,22319,21836,22566,24893,26495,24865,10511,23313,24869,24614,25151,21301,25581,28782,24146,23264,24849,16496
281,17525,29619,22463,21836,22566,24893,26495,23280,10511,23457,24869,24614,25151,21588,25581,28782,24146,23264,22864,16496
282,17525,29619,22463,21836,22566,24893,26495,23280,10511,23600,22889,24614,25151,21589,25581,28782,24146,23264,24849,16496
283,17525,29619,22607,21978,22566,24893,26495,23280,10511,23745,24869,24614,25299,21734,25581,28782,24146,23264,22864,17247
284,17382,29619,22607,21978,22566,24893,26639,23280,10511,23889,24869,24470,25151,21879,25581,28782,22021,23264,22864,17247
285,17382,29341,22751,21834,22566,24893,26639,23280,10511,23890,24869,24470,25151,22166,25581,28782,24146,23119,22864,16496
286,17382,29481,22751,21977,22566,24893,26639,24865,13224,24176,24869,24470,25151,22167,25581,28782,24146,23119,22864,16496
287,16633,29481,22895,19131,22566,24893,26639,24865,11375,24178,24869,24470,25299,22312,25327,28782,24146,23119,22864,17247
288,16633,29341,22895,21977,22566,24893,26639,24865,12239,24323,22889,24470,25299,22457,25327,28782,22021,23119,22864,17247
289,17382,29481,23039,19276,22566,24893,26639,24865,13103,26158,22889,24472,25299,22744,25327,28782,22165,23119,22864,16496
290,17382,29481,23039,19420,22566,24893,26639,24865,13823,26158,22889,24472,25299,22888,25327,25435,22165,23119,22864,16496
291,17382,29481,23039,19563,22710,24893,26639,24865,14687,26158,22889,24472,25299,22889,25327,25435,22166,23119,22864,17247
292,17525,29481,23183,19708,22710,24893,26639,24865,15551,26158,22889,24472,25299,23034,25327,28782,22166,23119,24849,17247
293,17525,29481,23183,19853,22710,24893,26639,24865,16271,26158,22889,24472,25299,25157,25327,25435,22167,23119,24849,16496
294,17525,29481,23327,20139,22710,24893,26639,24865,16991,26158,24869,24472,25299,25583,25327,28782,22167,23119,24849,16496
295,16777,29481,23471,20141,22567,24893,26639,24865,17855,26158,24869,24472,25299,25583,25327,25435,22167,23119,24849,16496
296,16777,29481,23471,20428,22711,24893,26783,24865,18575,24724,24869,24472,25299,25583,25327,25435,22311,23119,24849,16496
297,17813,29481,23615,20572,22711,24893,26783,24865,19295,25005,24869,24472,23447,25583,25327,25435,22312,23119,24849,16496
298,18102,29481,23615,20573,22711,24893,26783,23280,20015,26158,24869,24472,24436,25583,25581,25435,22312,23119,24849,16496
299,18391,29481,23615,20860,22711,24893,26783,23280,20735,26158,24869,24472,23447,25583,25581,25435,22312,23119,24849,17247
300,18679,29481,23759,21004,22711,24893,26783,23280,21455,24724,24869,24330,24436,25583,25581,25435,22312,22975,24849,16496
301,18968,29481,23759,21147,22711,24893,26783,23280,22175,26158,24869,24330,24436,25583,25327,25435,22456,22975,24849,16496
302,19257,29481,23903,21292,22711,24894,26783,23280,22751,24724,23320,24330,23447,25583,25327,28782,22457,22975,24849,16496
303,19545,29481,23903,21293,22855,24894,26783,23280,23470,26158,23464,24330,24436,25583,25327,28782,22457,22975,24849,16496
304,19834,29481,24047,21580,22855,24894,26783,23280,24331,26158,23751,24330,23447,25583,25327,25435,22457,22975,24849,16496
305,20124,29481,24047,21725,22855,24894,26783,23280,24906,26158,24182,24330,23447,25583,25327,30083,22457,22975,24849,16496
306,20411,29481,24191,21869,22855,24894,26783,23280,25625,26158,24469,24330,23447,25583,25472,31092,22601,22975,29765,16496
307,20701,29481,24333,22012,22713,24894,26783,23280,26201,26158,26304,24330,23587,25583,25472,29048,22602,22975,24852,16496
308,21134,29481,24334,22157,22713,24894,26783,23280,26776,26158,26304,24330,24017,25583,25472,31084,22602,22975,24852,16496
309,21422,29481,24334,22300,22713,24894,26783,23280,27351,26158,25765,24330,23587,25583,25472,31086,22602,22975,24852,16496
310,21711,29481,24620,22445,22713,24893,26783,23280,27926,26158,25335,24330,23447,25583,25472,31088,22746,22975,29906,16496
311,22145,29481,24621,22589,22713,24893,26927,23280,28501,26048,24904,24332,24439,25583,25472,31090,22746,22975,24852,16496
312,22433,29481,24622,22732,22713,24893,26927,23280,29760,26158,24869,24332,23447,25583,25616,31092,22747,22975,24852,16496
313,22866,29481,24622,22877,22713,24893,26927,23280,31067,26158,24869,24332,23447,25583,25616,31094,22747,22975,29765,16496
314,23300,29478,24764,23020,22713,25754,26927,23280,31068,26048,24869,24332,23447,25583,25616,30950,22747,22975,29765,16496
315,23588,29481,24908,23165,22713,24893,26927,23280,31069,26158,24869,24332,24017,25583,25614,30806,22891,22830,29906,16496
316,24022,29481,24909,23310,22713,25754,26927,23280,31071,26048,24869,24188,24017,25583,25614,30518,22892,22830,29765,16496
317,24599,29481,25051,23452,22713,24893,26927,23280,31072,26048,24869,24188,24017,25583,25614,30083,22892,22830,29765,16496
318,24887,29481,25195,23597,22713,25754,26927,23280,31073,26050,24869,24188,24017,23889,25758,29796,22893,22830,29765,16496
319,25321,29481,25196,23742,22713,24893,26927,23280,31074,26050,25438,24188,24017,25583,25758,29505,22893,22830,24852,16496
320,25899,29481,25338,23885,22713,24893,26927,23280,31075,26052,24869,24188,24017,25583,25758,29217,22893,22830,24852,16496
321,26331,29481,25338,24030,22713,24893,26927,23280,31076,26196,25438,24729,22751,25583,25758,25435,23037,22830,24852,16496
322,26765,29481,25338,24172,22713,24893,26927,23280,31077,26054,23600,23471,23183,25583,25758,28782,23038,22830,24852,16496
323,27343,29481,25481,24317,22713,24893,27071,23280,31078,26198,23600,25316,23615,25583,25758,25435,23038,22830,29765,16496
324,27775,29481,25625,24462,22713,24893,27071,23280,31080,26200,23600,27013,23903,25583,25902,25435,23038,22830,26145,16496
325,28354,29481,25626,24605,22713,24893,27071,23992,31081,26200,23600,27047,25461,25583,25902,29076,23038,22830,29765,16496
326,25728,29481,25768,24750,22713,24893,27071,24277,31082,26200,23600,26904,25450,23890,25902,29518,23182,22830,29765,17247
327,24035,29481,25768,26443,22713,24893,27071,24277,31083,26202,25438,26762,25450,24176,25902,29375,23182,22830,29626,16496
328,24179,29341,25912,26443,22713,24893,27071,23280,31085,26202,23890,26763,25450,24178,25902,28943,23183,22830,29083,17247
329,24180,29341,26054,26443,22713,24893,27071,23280,31086,26204,24180,26621,25055,24464,25902,27782,23183,22830,29763,17247
330,24322,29341,26056,,22713,24893,27071,23280,30796,26348,24471,26624,25450,24465,26045,24998,23183,22685,29079,16496
331,24323,29478,26056,,22713,24893,27071,23280,30796,26350,24761,26482,24727,24751,26045,24998,23327,22685,28934,16496
332,24323,29332,26198,,22713,24893,27071,24277,30508,26350,25051,26340,23452,24752,26045,28494,23327,22685,29616,16496
333,24465,29332,26198,,22713,24893,27071,24277,30509,26458,25341,26198,25599,24895,26045,29080,23327,22685,28932,17247
334,24465,29332,26343,,22713,24893,27071,24277,30509,26458,25631,26200,25599,25040,26045,29519,23471,22685,29616,17247
335,24610,29332,26485,,22713,24893,27215,23280,30365,26495,25919,26058,25599,26732,26045,29231,23471,22685,28932,16496
336,24752,29332,26485,,22713,24893,27215,23280,26296,26495,26351,25918,25450,26732,26189,27779,23471,22685,28932,16496
337,24752,29332,26485,,22713,24893,27215,23280,26185,26495,26639,25775,25450,26767,26189,27779,23615,22685,28932,16496
338,24752,29332,26628,,22713,24893,27215,24277,26185,26638,27071,25775,25450,26909,26189,27779,23615,22685,28932,16496
339,24895,29332,26628,,22713,24893,27215,24277,26329,26638,27359,25631,25450,26909,26189,27779,23615,22685,28932,17247
340,24895,29332,26773,,22713,24893,27215,23280,26329,26782,27791,25487,25055,26907,26189,27779,23615,22541,29616,16496
341,25040,29332,26915,,22713,24893,27215,23992,26440,26780,28079,25602,25055,27052,26189,27779,23759,22541,29616,16496
342,25181,29332,26916,16793,22713,24893,27215,23280,26473,26924,28511,25343,25055,27050,26333,27778,23759,22541,29616,16496
343,25183,29048,26916,16653,22713,24893,27910,23992,26618,26924,29208,25343,25055,27194,26333,27922,23759,22541,29616,16496
344,25183,29332,27058,16793,22713,24893,27910,25138,26762,27067,29208,25343,25197,27192,26333,27779,23903,22541,29616,16496
345,25325,29332,27058,16793,22713,24893,27769,25141,26873,27067,31099,25343,25197,27192,26331,27921,23903,22540,29616,16496
346,25325,29332,27203,16793,22713,24893,27768,25141,26873,27067,31099,25343,25195,27335,26331,25435,23903,22540,28932,16496
347,25469,29048,27201,16793,22713,24893,27768,25141,26873,27209,29208,25343,25195,27335,26475,27921,23903,22540,28932,16496
348,25468,29048,27346,16793,22713,24893,27768,25141,26879,27353,29375,25343,25193,27477,26475,27921,24047,22396,29616,16496
349,25612,29048,27346,24009,22713,24893,27768,25138,26915,27353,26922,25602,25193,27477,26475,25435,24047,22396,28787,16496
350,25613,29048,28462,24009,22713,24893,27768,25138,27059,27353,24464,26638,25191,27476,26475,25435,24047,22396,28644,16496
351,25613,29048,28462,24009,22713,25751,27768,25138,27203,27495,22296,27923,25191,27620,26475,25435,24191,22396,28498,17247
352,25755,29048,28462,24009,22713,25179,27768,25138,27203,27495,20561,28600,25189,27618,26475,25435,24191,22396,28211,17247
353,25755,29332,27592,24009,22713,25751,27768,23425,27347,27639,18972,28600,25333,27618,26475,25435,24191,22396,28066,17247
354,25899,28649,28462,24009,22856,25751,27765,23992,27347,27637,16777,28600,25331,27761,26619,25435,24191,22396,27779,17247
355,25898,28649,28928,24009,22999,25751,27765,23992,27491,27781,17525,28600,25331,27585,26619,27774,24335,22396,27634,17247
356,26042,28646,28462,24009,23142,25751,27766,23425,27491,27781,17525,28600,25329,27585,26619,27774,24335,22397,27491,17247
357,26043,28791,28760,16793,23285,25751,27765,24277,27635,27779,17380,28916,25329,27585,26619,27774,24335,22397,27346,17247
358,26185,28789,28610,16793,23572,25751,27618,24277,27635,27923,17380,28916,25327,27585,26619,27774,24479,22397,27058,17247
359,26186,28789,28760,16793,23718,25751,27618,23992,27779,27923,17380,28916,25327,27728,26728,27774,24479,22397,26913,17247
360,26186,28932,28608,16793,24008,25751,27618,23992,27923,28066,17234,28745,25326,27864,26757,27774,24479,22397,26770,17247
361,26329,28932,28910,16793,23289,25751,27618,23992,27923,28066,17234,26736,25326,27864,26865,27774,24623,22251,26481,17247
362,26329,29075,29375,16653,22713,25751,27618,23992,28067,28210,17234,26195,25324,28006,16496,27774,24623,22251,26338,17247
363,26329,29075,29375,16653,23571,25751,27618,23992,28067,28210,17233,27058,25324,27429,16496,27008,24623,22252,26193,17247
364,26471,29217,28910,16653,23571,25751,27618,23992,27888,28208,17089,28893,25322,27429,16496,27627,24623,22252,25905,17247
365,26615,29217,28910,16653,23571,25751,27616,23992,28212,28352,17087,28913,25322,27429,27151,27627,24767,22252,27024,17247
366,26616,29215,28910,16793,23571,25751,27616,24132,28212,28352,17087,28154,25720,27430,16496,27627,24767,22252,27024,17247
367,26614,29359,27889,16653,23571,25751,27472,24132,28356,28350,16944,27148,25722,26567,16496,27483,24767,22252,27024,17247
368,26759,29358,27889,16793,23861,25751,27616,25138,28356,28494,16942,27436,25724,27430,27297,27627,24911,22252,25763,17104
369,26759,29358,27889,16793,23861,25751,27329,25138,28500,28494,16942,26573,25724,27143,27297,27627,24911,22252,25764,17104
370,26902,29501,29053,16793,23861,25607,27329,25138,28500,28637,16942,25998,25726,26567,27297,27627,24911,22252,25765,17104
371,26902,29501,29049,16793,23861,25753,27616,25138,28500,28637,16797,26142,25727,27718,16496,27627,24911,22252,25767,17104
372,26902,29643,29663,16933,23861,25753,27325,25138,28176,28637,16797,25423,25727,27430,16496,27627,25055,22252,25626,17104
373,27046,29644,29661,16933,23861,25608,27329,25138,27202,28779,16797,25711,25727,26998,16496,27627,25055,22252,25771,17102
374,27045,29642,29659,16933,23861,25608,27325,24738,27201,28779,16652,25136,25727,28005,16496,27337,25055,22252,25629,17102
375,27045,29642,29659,16933,23861,25608,27329,24883,27199,28779,16652,24417,25727,28149,16496,27337,25199,22252,25774,17102
376,27190,29785,29657,16793,23861,25608,27616,25029,27199,28456,16048,24705,25727,27429,26578,27337,25199,22107,25775,17102
377,27188,29785,29655,16793,23861,25608,27616,25031,27196,28456,16048,25136,25727,28292,26578,27337,25199,22107,25775,17102
378,27332,30327,29655,16793,23860,25608,27185,25176,27194,28456,16048,25136,25727,28436,26723,27627,25199,22107,25919,17102
379,27333,30327,29653,16933,23860,25608,27185,25322,27194,28456,16048,25136,25578,28579,26723,27627,25343,22107,25919,17102
380,27475,30327,29651,16933,23860,25608,27616,25468,27336,28456,17493,24735,25727,27429,26723,27627,25343,22107,27041,17102
381,27476,30327,29649,16793,23860,25608,27616,25470,27335,,19080,25136,25578,28437,26723,27192,25343,22107,27180,17102
382,27476,30327,29649,16793,23860,25608,27616,25616,27335,,20525,25741,25578,28438,26723,27192,25343,22107,27463,17102
383,27618,30327,29647,16793,23860,25608,26893,25762,27333,,22112,26889,25578,28295,26723,27627,25487,22107,27600,17102
384,27619,30327,29645,16793,23860,25608,26893,25908,27331,16057,23844,28039,25578,27864,27010,27192,25487,22107,28025,17102
385,27619,30327,29645,16793,23860,25319,26893,26054,27331,16057,25720,28584,25578,27577,27010,27192,25487,22107,28448,17102
386,27762,30327,29644,16793,23860,25319,26893,26200,27329,16057,25864,29459,25578,27290,27010,27192,25487,22107,28448,17102
387,27762,30321,29642,16793,23860,25319,26892,26346,27471,16057,26151,29459,25578,27147,27010,27192,25631,22107,28448,17102
388,27762,30321,29642,16793,23860,25319,27035,26492,27471,16057,26438,29459,25578,26860,,27192,25631,22107,28448,17102
389,27905,30321,29640,16793,23860,25319,26891,26638,27470,18246,26439,29459,25578,27868,,27192,25631,22107,28448,17102
390,27905,30321,29639,16793,23860,25319,26891,26746,27469,20118,26870,29459,25578,27581,,27192,25775,22107,28448,17102
391,27905,30321,29637,16793,23860,25319,26747,26888,28445,22136,27157,29459,25578,27438,,27192,25775,21962,28448,17102
392,28882,30321,29637,16793,23860,25319,26746,27031,28304,24297,27301,29459,25578,27295,,27043,25775,21962,28448,17102
393,28738,30321,29635,16793,23860,25319,26746,27318,28304,26893,27589,29459,25578,27152,,27043,25775,21962,28448,17102
394,28738,30321,29634,16793,23860,25319,26746,27461,28740,29775,28019,29457,25578,27153,,27043,25919,21962,28448,17102
395,28738,30321,29634,16793,23860,25319,26744,27748,28304,29171,28020,29171,25578,27010,,27041,25919,21962,28449,16956
396,28739,30321,29632,16793,23860,25319,26891,27890,28304,29171,28451,29171,25578,26867,,27041,25919,21962,26600,16956
397,28739,30321,29631,16793,24150,25319,26744,28177,28304,29171,28882,29171,25578,26868,,27041,26063,21962,28730,16956
398,28596,30321,29023,16793,24150,25319,26744,28464,28304,29171,28733,29316,25578,26725,,27041,26063,21962,28730,16956
399,28596,30321,29025,16793,24150,25319,26744,28750,28304,29171,28583,29316,25578,26151,,27041,26063,21962,28729,16956
400,28597,30321,29170,16793,24150,25465,26458,28893,28304,29171,28432,29316,25578,26583,,27041,26063,21962,28730,16956
401,28597,30321,29317,16793,23861,24884,26315,29179,28304,29176,28435,29316,25578,26009,,27041,26207,21962,28730,16956
402,28597,30321,29317,16793,23859,24884,26315,29609,28304,29318,28581,29603,25578,27159,,27041,26207,21962,28738,16956
403,28454,30321,29317,16793,23569,24884,26310,29896,28304,29318,27864,29603,25578,27159,16065,27041,26207,21962,28738,16956
404,28454,30177,29173,23713,23424,24886,26310,29753,28304,29318,28298,29603,25578,27442,18976,27041,26207,21962,28738,16956
405,28455,30178,29173,16933,23277,24886,26310,29753,28304,29318,28588,29603,25578,27582,21424,27041,26351,21962,28738,16956
406,28455,30179,29173,16933,23277,24596,26310,29753,28304,29318,28015,29603,25578,27582,24307,27041,26351,21817,28738,16956
407,28311,30179,29030,16793,23277,24596,26165,29753,28304,29318,28305,25721,25578,27582,27476,27041,26351,21817,28738,16956
408,28311,30180,29029,16793,23277,24596,26168,29753,28739,29318,28451,25721,25578,27582,27591,27041,26495,21817,28738,16956
409,28312,30037,29029,16793,23277,24596,26168,29608,28739,29605,29315,25721,25578,27582,27737,27041,26495,21817,28738,16956
410,28313,30038,28886,16793,23277,24596,26168,29608,28739,29605,29315,25721,25578,27582,27879,27041,26495,21817,28738,16956
411,31072,30038,28886,16793,23277,24596,26310,29608,28739,29605,29315,25578,25578,27446,27879,27041,26495,21817,28738,16956
412,31072,30039,28885,16793,23277,24596,26025,29608,28739,29605,29315,25578,25578,26181,27879,27041,26639,21817,28022,16956
413,31072,30039,28885,16793,23277,24596,26025,29465,28739,29605,29315,26583,25578,26181,27879,27041,26639,21673,27594,16956
414,31072,30040,28885,16793,23277,24596,26025,29464,28739,29605,29315,27733,25578,26181,27879,26893,26639,21673,27022,16956
415,31072,29898,28885,16793,23277,24596,26025,29464,28739,29605,29315,29171,25578,26181,27879,26893,26783,21673,26593,16956
416,31072,29898,28885,16793,23277,24596,26025,29464,28739,29605,29315,29171,25578,27446,27879,26893,26783,21673,26164,16956
417,31072,29898,28885,16793,23277,24596,26023,29464,28739,29605,29315,29455,25578,27733,27879,26893,26783,21674,25880,16954
418,31072,29899,28885,16793,23277,24596,26310,29321,28739,29605,29315,29455,25578,27733,27879,26893,26783,21674,25880,16954
419,31072,29900,28885,16793,23276,24453,25880,29321,28739,29605,29315,29455,25578,27733,27879,26893,26783,21674,25880,16810
420,31072,29900,28884,16793,23276,24453,25880,29320,28881,29605,29315,29455,25578,27733,27879,26893,26927,21674,25880,16810
421,31072,29901,28884,16793,23420,24453,26310,29320,28881,29605,29315,29171,25578,27733,27879,26893,26927,21528,25880,16810
422,31072,29758,28884,16793,23420,24453,26310,29176,28738,29896,28884,29171,25578,26614,27879,26893,26927,21528,25880,16810
423,31072,29758,28884,16793,23565,24453,26165,29177,28737,29605,28884,29171,25578,26614,27879,26893,27071,21528,25735,16810
424,31072,29759,29027,16793,23565,24453,26165,29177,28737,29605,28884,16633,25578,26758,27049,26893,27071,21528,25735,16810
425,31072,29760,29027,16793,23565,24453,26020,29176,28737,29896,28884,25584,25578,27879,27482,26893,27071,21529,25735,16810
426,31072,29760,29027,16793,23565,24453,26020,29032,28735,29896,28884,16633,29795,26759,28745,26889,27071,21529,25735,16810
427,28313,29616,29030,16793,23419,24453,25875,29033,28592,29896,28884,29455,29795,26761,28745,26889,27215,21529,25735,16810
428,31077,29617,29027,16793,23419,24453,25874,29033,28591,29896,28884,29455,29795,26619,27879,26889,27215,21529,25734,16810
429,31083,29618,29027,16648,23419,24453,25874,29033,28591,29896,28739,29455,29795,26619,27879,26889,27215,21529,25734,16810
430,30943,29618,29027,16648,23419,24453,25590,29033,28591,29896,28738,29455,29795,26621,27737,27030,27215,21529,25734,16810
431,30512,29619,29030,16648,23419,24453,25441,28889,28590,29896,28738,25578,29795,27741,27591,27030,27359,21529,25734,16810
432,29936,29619,28885,16648,23419,24453,25441,28889,28590,29896,28737,25578,29795,27882,27595,27030,27359,21529,25734,16810
433,29652,29620,28742,16648,23419,24453,25441,28889,28446,29896,28592,25578,29795,27882,27591,27030,27359,21529,25734,16810
434,29076,29620,28455,16648,23419,24453,25296,28889,28446,29896,28591,25578,29795,27883,27591,27030,27359,21529,25734,16810
435,28645,29477,28456,16648,23419,24453,25296,28889,28446,29896,28590,29171,25578,27883,27311,27030,27503,21529,25734,16810
436,28360,29478,28456,16648,23419,24018,25296,28744,28444,29896,28589,29171,25578,27883,27591,27030,27503,21384,25734,16810
437,27785,29478,28458,16648,23419,24018,25296,28744,28299,29896,28330,29171,25578,27741,27591,27030,27503,21384,25734,16810
438,27209,29479,28459,16648,22705,24018,25296,28744,28299,29896,28330,25720,25578,27882,27591,27030,27503,21384,25734,16810
439,24152,29479,28460,16648,22705,24309,25296,28744,27301,29896,28609,29457,25578,27741,27591,27030,27647,21384,25733,16809
440,24582,29480,28461,16648,22705,24309,25296,28601,27166,29896,28609,29459,25578,27741,27591,27030,27647,21384,25733,16809
441,24869,29480,28606,16648,22705,24309,25296,28601,26744,29753,28609,28169,25578,27741,27311,27030,27647,21384,25733,16809
442,25299,29336,28607,16648,22705,24309,25296,28600,27757,29753,28330,26877,25578,27741,27591,27030,27791,21384,25733,16809
443,25729,29481,28609,16648,22705,23874,25438,28600,28176,29753,28609,25586,29506,27741,27591,27167,27791,21384,25733,16809
444,26160,29338,28609,16648,22705,23874,25438,28456,28176,29753,28612,24438,25578,27741,16057,24416,27791,21384,25733,16809
445,26733,29338,28611,16648,22705,23730,25438,28457,27757,29753,27641,25578,29361,27741,16057,27327,27791,21384,25733,16809
446,27164,29339,28611,16648,22705,23730,25151,28457,28176,29753,27638,25578,29921,27741,16057,24416,27935,21384,25733,16809
447,27738,29339,28613,16648,22705,23730,24865,28456,27757,29753,27636,25578,29361,27741,27166,24416,27935,21384,25733,16809
448,28741,29339,28613,16648,22705,23730,24578,28312,27757,29753,27636,25578,29361,27741,16057,27167,27935,21384,25733,16809
449,28741,29340,28758,16649,22705,23156,24292,28313,27757,29753,27634,,29361,27741,27160,24416,27935,21384,25733,16809
450,27592,29340,28760,16650,22705,23014,24149,28313,27757,29753,27631,,29361,27741,28170,27167,28079,21384,25732,16809
451,28741,29341,28760,16651,22705,23014,24149,28313,27757,29753,27631,,29217,27882,16057,24416,28079,21384,25732,16809
452,28741,29341,28771,16652,22705,23014,24149,28313,27757,29753,27629,,29361,27741,28170,24416,28079,21239,25732,16809
453,28741,29341,27325,16653,22704,23014,24149,28169,27757,29753,27627,24993,29361,27882,27018,24416,28079,21239,25732,16665
454,28741,29341,27325,16654,22847,23014,24149,28169,27757,29753,27627,24993,29361,27882,28170,27167,28223,21239,25732,16665
455,28741,28655,28768,16655,22847,23014,24291,28169,27757,29609,27625,24994,29361,27741,28170,27167,28223,21239,25732,16665
456,28741,28655,27463,16656,22847,23014,24291,28169,27757,29609,27623,24994,29361,27741,27018,27167,28223,21239,25732,16665
457,28741,28655,27463,16657,22846,23014,24291,28169,27757,29609,27623,24450,29361,27741,27018,27167,28223,21239,25732,16665
458,28741,28655,27325,16658,22846,23014,24434,28024,27757,29609,27621,24450,29361,27741,27018,27167,28367,21239,25732,16665
459,28741,28655,27325,16659,22846,23156,24434,28024,27757,29609,27619,24450,29361,28602,26451,27167,28367,21239,25732,16665
460,28741,28655,27459,16803,22846,23156,24434,28024,28176,29609,27619,24450,29361,28602,26451,27167,28367,21239,25732,16665
461,28741,28655,27179,16804,22989,23156,24434,27880,27757,29610,27617,24450,29361,27741,26451,27167,28367,21239,25731,16058
462,28741,28655,27179,16805,22989,23014,24577,27881,27757,29610,28593,24594,29361,27741,26451,27167,28511,21239,25731,16058
463,27591,28655,27463,16806,22989,23014,24577,27881,27757,29610,28612,24594,29361,28602,26451,27167,28511,21095,25731,16058
464,27590,29341,27179,16807,22988,23014,24577,27880,28176,29610,28612,24594,29361,28602,26451,27167,28511,21095,25731,16058
465,27589,29341,27179,16807,22988,23014,24720,27736,27757,29610,28612,24592,29361,28462,26451,27167,28511,21095,25731,16065
466,27588,29201,27179,16807,22988,23014,24720,27737,27757,29610,28612,24592,29361,28462,27883,27167,28655,21095,25731,16065
467,28161,28511,27179,16807,23131,23014,24720,27737,27757,29610,28593,24592,29361,28462,26451,27167,28655,21094,25731,16058
468,27300,28367,27179,16807,23131,23014,24863,27737,27757,29467,28593,24592,29217,28462,26451,27167,28928,21094,25731,16065
469,27013,28223,27179,16807,23131,23014,24863,27736,27757,29467,28612,24592,29217,28462,26451,27167,28927,21094,25731,16058
470,27445,28078,27179,16807,23131,23156,24863,27593,27757,29467,27641,24592,29217,28462,26451,26878,28927,21094,25731,16058
471,27302,28076,27459,16807,23131,23014,24863,27593,26783,29467,27641,24592,29217,28462,26451,26734,28783,20950,25731,16058
472,27159,27928,28179,16807,23131,23014,25006,27593,26783,29467,27641,24592,29072,28462,26451,26590,28783,20950,25730,16058
473,27447,27926,28648,16807,23130,23156,25006,27593,27757,29467,28612,25136,29072,27314,26451,26301,28783,20950,25730,16065
474,27448,27923,28648,16807,23130,23156,25006,27593,27889,29467,28737,25136,29071,27314,26451,26157,28782,20950,25730,16058
475,27305,27776,28179,16807,23130,23014,25149,27448,27889,29467,28612,25136,29071,27314,26451,26012,28782,20951,25730,16058
476,27593,27774,28648,16807,23130,23014,25149,27448,26773,29467,28612,25136,29071,27314,26451,25724,28782,20951,25730,16058
477,27450,27771,28179,16807,23130,23013,25149,27448,26773,29467,28737,25136,29071,27314,26451,25579,28782,20951,25730,16058
478,27307,28600,28179,16807,23130,23156,25148,27304,26773,29467,28737,25136,29071,27314,26451,25435,28782,20951,25730,16058
479,27164,27595,28179,21397,23130,23156,25148,27305,27889,29467,28737,24592,29071,27314,26451,28782,28782,20951,25730,16058
480,27452,27595,28038,21397,23130,23013,25148,27304,27889,29467,28737,24594,29071,27314,26451,28782,28782,20951,25730,16058
481,28314,27595,28362,16807,23130,23013,25148,27304,27889,29467,28737,24595,28637,27314,26451,28782,28781,20951,25730,16058
482,27453,27595,28215,16807,23130,23013,25291,27161,27889,29323,28737,24454,28637,27314,27883,28782,28781,20805,25730,16065
483,27453,27595,28069,16807,23130,23014,25291,27161,27889,29468,28612,24312,28925,26198,26451,28782,28637,20806,25729,16058
484,27166,27595,28066,17564,23130,23156,25291,27161,27889,29468,28612,24313,28925,26198,24903,25435,28637,20806,25729,16065
485,27166,28600,27920,17561,23130,23014,25577,27161,27889,29468,28612,24315,28637,26343,24903,29357,28636,20806,25729,16058
486,27166,27738,27774,17561,22986,23014,25577,27016,27889,29468,28612,24174,28494,26630,24903,29933,28636,20806,25729,16058
487,27166,27450,27772,17558,22986,23014,25577,27017,27889,29468,28612,24032,28494,26631,24903,30362,28636,20806,25729,16065
488,27166,27449,27448,17414,22986,23014,25577,27017,27889,29468,28612,24034,28494,26776,26451,30937,28636,20806,25729,16058
489,27310,27161,27448,17412,22986,23014,25720,27017,27889,29468,28737,23891,28494,28035,26451,27445,28636,20806,25729,16065
490,27310,27160,27449,17412,22986,23014,25720,27017,27889,29468,28737,24435,28491,28032,25045,27445,28635,20806,25729,16058
491,27310,27303,27450,17409,22986,23014,25720,26872,27889,29324,28737,24292,28491,28032,25043,27445,28635,20806,25729,16065
492,27454,26871,27451,17409,22986,23156,25863,26872,27889,29036,28737,24149,28491,28032,25040,27445,28635,20806,25729,16065
493,27454,27014,27451,17263,22986,23156,25863,26872,27889,28892,28737,24437,28491,28356,25181,27589,28635,20806,25729,16058
494,27454,27013,27453,17263,22986,23014,25863,26728,27889,28748,28737,24437,27016,28356,25180,27877,28491,20806,25728,16058
495,27023,27730,27453,17260,22986,23156,26149,26729,27889,28604,28737,24579,27016,28032,25178,27445,28634,20806,25728,16065
496,27023,27730,27454,17260,22986,23156,26149,26729,27744,28460,28737,24722,27016,28032,25318,27445,28490,20806,25728,16065
497,27167,27730,27455,17114,22986,23014,26149,26728,27744,28316,28737,24865,28491,28032,25316,27445,28490,20661,25728,16058
498,27167,27730,27455,17114,22986,23014,26149,26584,27744,28171,28737,24864,28348,27169,25314,27445,28490,20661,25728,16065
499,27167,27730,27601,17112,22986,23013,26148,26585,27744,27883,28737,24864,28347,25908,25456,27877,28490,20661,25728,16058
500,27311,27730,26313,17112,22986,23156,26148,26585,27744,27740,28019,25007,27016,27169,25454,27877,28490,20661,25727,16058
501,27311,27731,26313,16357,22986,23156,26148,26585,27744,27596,28019,25150,28347,26048,25452,27877,28489,20661,25727,16058
502,28172,27874,26313,16357,22986,23014,26434,26440,27866,27451,28019,25292,28347,26188,25593,27877,28489,20661,25727,16065
503,28171,27874,24903,16357,22986,23014,26434,26441,27866,27307,28019,25435,28347,26470,25591,27877,28489,20661,25727,16065
504,27883,27874,25037,16357,22842,24018,26434,26441,27866,27163,28019,25578,28347,26467,25590,27445,28489,20661,25727,16065
505,27883,27874,25174,16357,22842,23156,26720,26441,27866,26875,28019,25578,27016,27872,25588,27877,28489,20661,25727,16058
506,27883,27875,26720,16357,22842,23584,25715,26441,27866,26731,28019,25578,27016,27872,25730,25435,28489,20661,25727,16058
507,27883,27875,26720,16357,22842,24018,25572,26441,27866,26587,28019,25722,28347,27728,25729,27299,28489,20661,26300,16065
508,27883,27874,26720,16357,22842,24018,25285,26296,27866,26443,28019,25722,28203,27728,27139,25435,28489,20661,26873,16065
509,27883,28018,26002,23412,22842,23014,25142,26296,27294,26443,28019,25722,28347,27728,27139,25435,28489,20661,27735,16065
510,27883,28019,26720,16357,22842,23014,24999,26153,28590,25037,28737,25865,28203,27873,27139,25435,28489,20661,28452,16065
511,27883,28019,26720,16357,22842,23874,24856,26153,28590,25183,28737,25865,28203,27729,26998,25435,28489,20661,29455,16058
512,27883,28019,25427,16357,22842,23874,24713,26153,28445,25469,28735,26010,28203,27729,26856,25435,28489,20516,25727,16058
513,27883,28163,25715,16357,22842,23874,24570,26152,28445,25470,28735,26010,28203,27730,25563,29214,28489,20516,25727,16065
514,27883,28163,26147,16357,22842,23874,25720,26009,28445,25758,28735,26010,28203,27730,25709,29642,28489,20516,25727,16058
515,27883,28164,26435,16357,22842,23874,25720,26009,28445,25903,29455,26154,28203,27874,26143,29927,28489,20516,25727,16058
516,27883,28164,27441,16357,22842,23874,25720,26009,28445,26047,28735,26153,28203,27874,25426,30212,28489,20516,25727,16058
517,27883,28164,27441,23412,22985,23874,25720,26009,28159,26190,28735,26298,28203,27874,24997,30497,28489,20372,25726,
518,27883,28164,27441,16357,22985,23874,25720,26009,28159,26336,28735,26298,28203,27874,25143,27006,28489,20372,25726,
519,27883,28307,27441,16357,23129,23874,25720,25864,28159,26622,28735,26442,28203,27874,24858,27006,28489,20372,25726,
520,27883,28308,27441,16357,23272,23874,25863,25864,28018,26623,28735,26442,28203,27433,24573,25435,28489,20372,25726,
521,27883,28308,27441,16357,23416,23874,25720,25720,28159,26768,28017,26442,28201,27433,25868,29211,,20372,25726,
522,27883,28308,27441,16357,23416,23874,25720,25721,28159,27056,28735,26585,26725,27288,15912,29495,,20372,25726,
523,27883,28308,27441,16357,23559,23874,25720,25721,28445,27200,28734,26585,26725,27288,17669,29633,,20372,25726,
524,27883,28452,27441,16357,23703,23874,25719,25720,28445,27344,28160,26730,26725,27288,18966,30062,,20372,25726,
525,26591,28452,27441,16357,23847,28456,25719,25720,28445,27489,28592,26730,26725,27288,20407,30491,,20373,25725,
526,27883,28452,27441,16357,23847,23874,25719,25575,28445,28606,28305,26874,28059,27288,21849,27001,,20373,25725,
527,26591,28452,27441,16357,23847,23874,25863,25575,28015,28606,29455,26874,26725,27288,23578,25435,,20227,25725,
528,27883,28452,27297,16357,23847,23874,25863,25574,28015,28606,29455,26873,28059,27288,25308,27001,,20227,25869,
529,26591,28452,27298,16357,23847,23874,25860,25573,28015,28606,29455,27018,28059,27288,27327,27001,,20227,25869,
530,26735,28452,27298,16357,23847,23874,25860,25573,28015,28606,29452,27018,28059,27288,26291,27001,15897,20227,25869,
531,26448,28452,27298,16357,23847,23874,25860,25573,28015,28606,29455,27162,28054,27288,24738,27001,15897,20227,25869,
532,27309,28306,27298,16357,23847,23874,26441,25427,28015,28606,29452,27162,26725,27288,24738,27001,28054,20227,25869,
533,26017,28305,27298,16357,23847,23874,25860,25427,28015,28606,29455,27306,26725,27144,26291,27001,28054,20227,25868,
534,27309,28304,27298,16357,23847,23874,25860,25426,28015,28606,29455,27303,26725,27144,26291,27001,28054,20227,25868,
535,27309,28304,27298,16357,23847,23874,25860,25425,28015,28606,29455,27303,26725,27144,26291,27001,28054,20227,25868,
536,27309,28304,27153,16357,23847,23874,25860,25425,28015,27307,29455,27303,26725,27144,26291,27001,27913,20227,25868,
537,27309,28304,27153,16357,23847,23874,25860,25280,28015,28606,29455,27303,26725,27144,26291,27001,27913,20227,25867,
538,27309,28304,27153,16357,23847,23874,25860,25279,28015,28606,29455,27303,26725,27144,26291,27001,27913,20227,25867,
539,26017,28304,27153,16357,23847,23874,26004,25278,28015,28606,29455,27303,26725,27144,26291,27001,27911,20227,25867,
540,26017,28304,27010,16357,23847,23874,26148,25278,28015,27307,29455,27303,26725,27144,26291,27001,27910,20227,25867,
541,26017,28304,27010,16357,23847,23874,26292,25133,28015,27307,29455,27303,26725,27144,26291,27001,27910,20227,25867,
542,26017,28304,27010,16357,23847,23874,26436,25132,28015,27307,29455,27303,26725,27000,26291,27001,27910,20227,25867,
543,26017,28304,27010,16357,23847,23874,26436,25132,28015,27297,29455,27303,26725,27000,24879,27001,27910,20082,26011,
544,27309,28304,27009,16357,23847,23874,25860,25131,27871,27307,29455,27303,26725,27000,25163,27001,27910,20082,26011,
545,27309,28304,26720,23700,23847,23874,25860,25130,27871,28606,29455,27303,26725,27000,25304,27001,27910,20082,26010,
546,27309,28304,27009,23700,23847,23874,26436,24438,27871,28314,29455,27303,26725,27000,25446,27579,27910,20082,26010,
547,27309,28304,27009,24137,23847,23874,26436,24150,27580,28606,29455,27303,26725,27000,25443,27290,27768,20082,26010,
548,27309,28304,27009,16357,23847,23874,26436,23862,27289,28606,29455,27303,26725,27000,25728,27001,27768,19938,26010,
549,27309,28304,27009,16073,23847,23874,26436,24264,25995,28606,29455,27303,26725,27000,25726,26853,27768,19938,26010,
550,27309,28304,26866,16073,23847,23874,25860,24264,26283,28461,29156,27303,26573,27000,25868,26853,27768,19938,26010,
551,27309,28304,26866,16073,23847,23874,25860,22422,26283,28461,29455,27301,26573,27001,26009,27579,27768,19938,26010,
552,27309,28304,26721,16073,23847,23730,25860,22712,26571,28461,29455,27299,26573,27001,27421,27436,27768,19939,26010,
553,27309,28163,26721,16074,23847,23730,25860,23001,26571,28461,29454,27441,27908,27001,27571,27436,27768,19939,26009,
554,27309,28448,26720,16072,23847,,25860,23290,26859,28461,29454,27442,27908,27001,27421,27435,27768,19939,26009,
555,27309,28448,26577,16214,23847,,25860,23580,26859,28316,29019,27443,25997,27001,27421,27291,27768,19939,26009,
556,27309,28448,26576,16357,23847,,25860,23870,27002,28316,29019,27590,27908,27001,27421,27292,27768,19939,26153,
557,27309,28448,26576,16073,23847,,25860,24160,26857,27884,28876,27590,27908,27001,27422,27290,27768,19939,26153,
558,27309,28448,26431,16074,23847,,25860,26145,27576,27308,29015,27590,27908,27001,27423,27147,27768,19793,26153,
559,26303,28448,26431,16074,23847,,25714,,27576,27021,28876,27299,27764,27001,27423,27146,27768,19793,26153,
560,26158,28448,26287,16073,23847,,25714,,27576,27021,29164,27299,27908,27288,27424,27146,27768,19794,26153,
561,25869,28448,26287,16075,23847,,25714,,26857,26875,29164,27299,27910,26998,27425,27003,27768,19794,26152,
562,26155,28448,26287,16073,23847,,25858,,26857,26875,29164,27590,27765,26708,27425,27001,27623,19794,26152,
563,25866,28447,26142,16073,23847,,25858,,26857,26875,29164,27590,27765,26273,27426,26857,27622,19794,26152,
564,25577,28304,25998,16073,23847,,25858,,26857,26875,29164,27590,27765,25984,27139,26857,27621,19794,26152,
565,25288,28304,25998,16073,23847,,25713,,26714,26875,29164,27590,27619,25692,27427,26857,27621,19794,26151,
566,25718,28155,25998,15787,23847,,25713,,26569,26875,29164,27153,27619,25256,27572,26857,27620,19794,26151,
567,25285,28009,25853,15787,23847,,25713,,26569,26875,29015,27590,27910,24969,26709,26712,27619,19794,26151,
568,24996,27863,25853,15787,23847,,25856,,26569,26875,29015,27299,27619,25989,27573,26712,27619,19794,26151,
569,26288,27860,25708,15787,23847,,25712,,26569,26875,29015,27299,27619,25256,27430,26567,27619,19794,26150,
570,25998,27429,25708,15787,23847,,25711,,26569,26875,28148,27299,27619,27000,26567,26567,27028,19794,26295,
571,25707,26709,25563,15787,23847,,25567,,26569,26875,27137,27299,27619,25124,27575,26424,26288,19794,26295,
572,25559,27716,25563,15787,23847,,25567,,26569,26875,25981,27299,27619,27000,27144,26423,26288,19794,26295,
573,25267,27716,25563,15787,23847,,25422,,26569,26875,24824,27299,27619,27000,26569,26423,26288,19649,26294,
574,22677,27572,25563,15787,23847,,25421,,27001,26875,24969,27299,27619,26712,27720,26278,27175,19649,26294,
575,22102,27284,25563,15787,23847,,25277,,26569,26892,25114,27153,27609,26423,27432,26278,27910,19649,26294,
576,20807,26276,25419,15930,23847,,25276,,25275,26892,25258,27156,27596,26278,27143,26134,27910,19649,26294,
577,17785,27427,25413,15930,23847,,25131,,26569,26892,25547,27156,27720,25989,26855,26133,27333,19649,26293,
578,17210,27427,25272,15930,23266,,25131,,25275,26892,25548,27156,27146,25989,26566,26133,27332,19649,26293,
579,13037,27283,25413,15930,23413,,24987,,26569,26875,25836,27145,26427,25989,26278,25989,27332,19649,26293,
580,10735,27282,25415,15930,23847,,24842,,25994,26875,25981,25131,25853,25989,25989,25989,27767,19649,26293,
581,7137,27282,25415,15787,23266,,24842,,26424,26875,26125,27010,25277,25989,25701,25989,27767,19649,26292,
582,7137,27139,25415,15786,23266,,24697,,26425,26875,26270,27010,27621,25124,25268,25844,27623,19649,26437,
583,7137,27139,25130,15786,23266,,24696,,26424,26875,26414,27010,27621,24118,24980,25700,27622,19649,26437,
584,7137,27139,24980,15785,23266,,24696,,26425,26875,26559,27010,27328,25989,24546,25699,27478,19649,26437,
585,27280,27139,24985,15785,23266,,24552,,26425,26875,26704,27010,27034,24983,24259,25555,27477,19649,26436,
586,27280,26995,25127,15641,23266,,24551,,26425,26732,26848,27010,26739,26135,23969,25556,27332,19649,26436,
587,7137,26995,25127,15641,23266,,24406,,26425,26732,26992,27009,26298,25416,24256,25411,27332,19649,26436,
588,27280,26995,25127,15641,23266,,24406,,26425,26732,27137,27010,25856,26280,24687,25411,27331,19360,26436,
589,27280,26852,25127,15641,23266,,24261,,24842,26732,26274,26719,25856,25417,25118,25410,27331,19360,26435,
590,27280,26852,25127,15641,23266,,24116,,24842,26157,27426,27010,25856,26425,25549,25410,27332,19360,26435,
591,27280,26851,25127,15641,23121,,23971,,24842,26157,27570,26866,25856,25706,25980,25410,27332,19360,26435,
592,27280,26851,25127,15641,23266,,23971,,24842,26157,27571,26720,25856,26569,26411,25410,27332,19360,26435,
593,27280,26851,25128,15348,22687,,23826,,24842,26157,27715,26720,25856,26569,26842,25410,27332,19360,26434,
594,27280,26708,24985,15348,22687,,23681,,24842,26157,27860,26719,25272,26569,26699,25266,27332,19360,26579,
595,6705,26708,24840,15352,22687,,23681,,24842,26157,28004,24120,25856,26569,26699,25121,27333,19360,26579,
596,,26708,24839,15352,22687,,23536,,24842,26157,28148,26719,25857,26569,26554,25120,26901,19360,26579,
597,27132,26564,24694,15352,22687,,23391,,24842,25443,28148,26719,25720,25559,26554,24975,26756,19360,26578,
598,6705,26563,24549,15352,22687,,23246,,24842,27313,28148,26288,25871,25989,26410,24832,26756,19360,26578,
599,6705,26420,24549,15060,22687,,23246,,24842,27018,28148,26288,25733,25989,26266,24687,26898,19360,26578,
600,6705,26420,24404,15352,22687,,23101,,24842,26875,28148,26141,25738,26280,26266,24541,26898,19360,26578,
601,6705,26420,24404,15352,22687,,22956,,24842,27313,28148,26141,25742,26135,26122,24540,26754,19360,26577,
602,,26276,24404,15352,22687,,22956,,24842,26875,28148,26141,25891,25989,25978,24540,26755,19360,26577,
603,27282,26275,24404,15352,21817,,22810,,24842,26875,28148,,24157,25989,25978,24540,26899,19215,26577,
604,,25840,24404,15060,21817,,22665,,25992,26875,28148,23832,24144,24984,25834,24540,26755,19215,26577,
605,,26275,24404,15060,21817,,22520,,26141,26157,28005,24120,25425,26280,25690,24540,26900,19215,26576,
606,,26275,24259,15060,21817,,22520,,26141,26157,28005,24408,25133,25989,25690,24540,26756,19215,26720,
607,,26275,24259,15060,21817,,22231,,26141,26157,28005,24696,25133,25989,25402,24540,26901,19215,26720,
608,6705,26275,24259,14913,21817,,22086,,26141,26157,27429,24983,25133,26430,25402,24248,26901,19215,26720,
609,6705,26275,24116,15060,21817,,22086,,25998,26157,27429,25271,25133,26430,25258,24540,26901,19215,26720,
610,6560,25556,24116,14913,21817,,21940,,25853,26157,27429,25559,25133,26287,25113,24250,26901,19215,26720,
611,6416,25555,23973,14913,21674,,21795,,25852,26157,26709,25992,25133,26287,24969,23959,26901,19215,26720,
612,6416,25555,24118,14913,21819,,21649,,25708,26157,26709,25992,25133,26287,24969,23959,26324,19215,26720,
613,6416,25555,24118,14913,21676,,21506,,25564,21404,26709,25992,25282,26142,24825,23959,26324,19215,26719,
614,6416,25555,24118,14913,21676,,21363,,25418,18801,27716,25992,25282,26142,24681,23959,26324,19215,26719,
615,6416,25555,24118,14918,21676,,21220,,25418,25437,27716,25992,25282,25999,24537,23959,26179,19215,26719,
616,6416,25555,24118,14918,21676,,21077,,25274,25136,27572,25992,25282,25999,24393,23959,26757,19215,26863,
617,6416,25555,25561,14918,21676,,20934,,25129,24312,27572,25992,25282,25854,24393,23959,26758,19071,26862,
618,6416,,23683,14918,21676,,20790,,25128,26881,27572,25992,26612,25854,24249,23959,26614,18926,26862,
619,6416,,25561,14918,21676,,20647,,24983,25437,27428,25992,24699,25710,24105,23816,26469,18926,26862,
620,6416,,25273,14918,21676,,20794,,24410,26882,27284,25992,25316,25709,23816,23961,26470,18926,26862,
621,6416,,25128,14918,21676,,20651,,25418,25437,27284,25992,25992,25563,24536,24107,26469,18926,26861,
622,6416,,24983,14918,21676,,20508,,25130,26590,27284,25992,24408,25563,25400,24107,26325,18926,26861,
623,6416,,24839,14918,21096,,20365,,25130,25437,27140,26141,24408,25563,26265,24107,26324,18926,26861,
624,6270,,24551,14918,20079,,20365,,25130,26148,27139,26141,24408,25563,25557,24107,23816,18926,26861,
625,6270,,24406,14918,21096,,20222,,24985,25178,27720,26141,24408,25563,24849,24107,25439,18926,26860,
626,6270,,24118,14918,20225,,20079,,24985,24719,27720,26141,24408,25563,24849,24107,26324,18926,26860,
627,6270,,23973,14918,20953,,19936,,20668,23437,27720,26141,24408,25563,24849,24109,26324,18926,27005,
628,6269,,23684,14919,20953,,20082,,25421,25169,27720,26141,24408,25563,26003,24109,26035,18926,27005,
629,6269,,23540,14918,20953,,19939,,25421,24719,27720,26141,24408,25563,24849,24109,25745,18926,27004,
630,6269,,23395,14771,20953,,19796,,20668,24719,,26141,24408,25563,24849,24109,25745,18926,27004,
631,6269,,23107,14627,20953,,19797,,25130,24719,14629,19658,24408,25563,26003,24109,25745,18926,27004,
632,6269,,22962,14627,20953,,19654,,25130,24719,14629,25707,24408,25563,24849,24254,25745,18926,27004,
633,6269,,22962,14627,20953,,19511,,25130,24719,14629,25707,24408,25563,26003,24254,25745,18926,27003,
634,6410,,22962,14483,20953,17961,19367,,25130,24719,14629,25707,24408,25563,26003,24254,25745,18781,27003,
635,6266,,22962,14484,19791,17535,19513,,25130,24719,14629,25707,24408,25563,26003,24254,25745,18781,27003,
636,6410,,22962,14484,19937,17535,16229,,25130,24719,14629,25707,,25563,25132,24254,25745,18781,27003,
637,6410,,22962,14483,19937,17532,19513,,25130,26449,26991,25707,,25563,25132,24399,25601,18781,27146,
638,27000,,22962,14482,19793,17675,16229,,25130,24719,27137,25707,,25563,26003,24399,25601,18781,27146,
639,6410,,22964,14483,19649,17391,19513,,25130,24719,26851,25707,,25563,26003,24399,25602,18781,27146,
640,6410,,22964,14483,19503,17391,19513,,25130,24719,26854,25707,,25415,26003,24399,25458,18637,27146,
641,6410,,22964,14483,19359,17391,19513,,24546,24719,26854,25707,,25415,26003,24399,25603,18637,27145,
642,6410,,22964,14483,19215,17389,19513,,24839,24719,26854,25707,,25415,26003,24401,25603,18637,27145,
643,6410,,22091,14483,19069,17389,19513,,24839,24719,27137,25707,,25415,26003,24401,25603,18637,27145,
644,6266,,22091,14483,18925,17389,19513,,24696,24719,27137,25707,,25563,26003,24400,25603,18637,27145,
645,6123,,22091,14483,18781,17389,15655,,24696,24719,27137,25707,,25563,26003,24400,25459,18637,27288,
646,5979,,22091,14483,18635,17389,18652,,24696,23283,27137,25707,,25411,26003,24400,25459,18637,,
647,5836,,22676,14483,18491,17389,18652,,24696,24719,27137,25707,,25265,26003,24546,25459,18637,,
648,5837,,19658,14483,18492,17389,18652,,24696,24719,26854,25707,,25563,26003,24546,25459,18638,,
649,5837,,19658,14483,18492,17389,18652,,24696,25579,14336,25707,,25411,25747,24546,25459,18492,,
650,6266,,22676,14483,18637,17389,18652,,22105,25859,26854,25707,,25563,25747,24546,25459,18492,,
651,5837,,22676,14483,18638,17389,18652,,19513,25583,26854,25707,,25563,25745,24690,25459,18492,,
652,5837,,22533,14483,18638,17389,18652,,16806,25583,14336,25707,,25563,25745,25416,25459,18492,,
653,6124,,22533,14483,18784,17388,18652,,17525,25583,26854,25852,,25563,25744,25416,25605,18492,,
654,15012,,22533,14483,18784,17387,14938,,18101,25583,26854,25852,,25563,25744,25416,25169,18492,,
655,15011,,22388,14336,18784,17387,18652,,18820,25583,26854,25851,,25563,25742,25416,23134,18492,,
656,10583,,22097,14336,18930,17386,18652,,19397,25583,26854,25851,,25563,25742,25416,19641,18492,,
657,5837,,21807,14337,18930,17386,18652,,20116,25583,26854,25699,,25563,25741,25416,22268,18492,,
658,5693,,21516,14195,18930,17242,14938,,20692,25579,26854,25847,,25563,25741,25416,23724,18492,,
659,5549,,22388,14341,19075,17242,14938,,21268,25583,26854,25847,,25563,25739,25416,25761,18492,,
660,5405,,22388,,19075,17241,14938,,24118,25581,26854,25851,,25563,25739,25416,25172,18492,,
661,5406,,21225,,19075,17241,14938,,24118,25583,26854,26280,,25563,25738,25416,24737,18492,,
662,5406,,21518,,19075,17240,14938,,24118,25438,26854,14864,,25419,25738,25416,24737,18492,,
663,5837,,21518,,18787,17240,14938,,21664,25438,26854,25850,,25419,25737,25416,24737,18348,,
664,5837,,21518,,18642,17239,14938,,18920,25871,26854,26280,,25419,25737,25416,24737,18347,,
665,5406,,21518,,18352,17239,14938,,24120,25438,26854,26280,,25852,25735,25416,24593,18347,,
666,5837,,21518,,18062,17239,14938,,24120,25438,26854,26280,,25852,25735,25416,24593,18347,,
667,5837,,21518,,17773,17239,14938,,23968,25438,26854,26280,,25561,25734,25416,24593,18203,,
668,5263,,21518,,17628,17239,14938,,18920,25438,26854,26280,,25415,25734,24690,24593,18203,,
669,5262,,21518,,17193,17239,14938,,24120,25438,26854,26280,,25415,25733,25416,24884,18203,,
670,5118,,20211,,17193,17239,14938,,24120,25438,26845,22840,,25561,25733,25416,24593,18203,,
671,5118,,20211,,17193,17239,14938,,21252,25438,26698,26613,,25415,25732,24690,24449,18204,,
672,4974,,20211,,17193,17239,18652,,21252,25438,26854,27761,,25419,25732,25416,24449,18204,,
673,4974,,20211,,17193,17239,18652,,21252,25441,26854,29053,,25415,25730,25416,24740,18204,,
674,4974,,20794,,,17239,18652,,21252,25441,26854,26569,,25420,25730,25416,24450,18204,,
675,4974,,20211,,,17239,18652,,21252,25582,26854,26569,,25418,25729,28613,24450,18204,,
676,4974,,20211,,,17239,18652,,21252,25441,26854,26569,,25415,25729,28613,24450,18204,,
677,4974,,20211,,,17239,18652,,21252,25583,26854,26569,,25415,25728,28613,24450,18204,,
678,4974,,20211,,,17239,18652,,21252,25296,26854,26423,,25415,25728,28613,24450,18204,,
679,5406,,20796,,,17239,18652,,21250,25583,26844,26418,,25415,25728,28613,24450,18058,,
680,5263,,20796,,,17239,18652,,23689,25583,26853,26132,,25415,25727,28613,24450,18058,,
681,5406,,20651,,,17239,18652,,23689,25583,26851,25846,,25415,25727,28613,24596,18058,,
682,5406,,20651,,,17239,18652,,23689,25583,26853,25415,,25272,25726,28613,24306,18058,,
683,,,20942,,,17239,18652,,23689,25583,26853,25129,,25272,25726,25416,24306,18058,,
684,,,20651,,,17239,18652,,23689,25583,26853,24987,,25272,25725,25416,24306,18058,,
685,,,20651,,,17239,18652,,23689,25583,26851,25131,,25272,25725,25416,24306,18058,,
686,,,20942,,,17239,18652,,23689,25583,26851,25132,,25272,25723,25416,24306,17914,,
687,,,21380,,,17239,18652,,23689,25583,26851,25562,,25272,25723,25416,24306,17914,,
688,,,21380,,,17239,18652,,23689,25583,26851,25563,,25272,25722,25416,24306,17914,,
689,,,21380,,,17239,18652,,20815,25583,26851,25850,,25272,25722,25416,24306,17914,,
690,,,21380,23401,,17239,18652,,20815,25583,26851,25994,,25272,25721,25416,24306,17915,,
691,,,21380,23401,,17239,18652,,20815,25583,26851,26424,,25272,25721,25416,24306,17915,,
692,,,21380,23401,,17239,18652,,20815,25583,26851,26417,,25272,25864,25416,24306,17915,,
693,12555,,20071,,,17239,18652,,20815,25583,26851,26417,,25272,25720,25416,24306,17915,,
694,9559,,21380,,,17239,18652,,20815,25583,26851,26417,,25272,25719,25416,24306,17770,,
695,6699,,21380,13906,,17239,18652,,20815,25583,,26417,,25272,25719,25416,24306,17770,,
696,4974,,19491,13906,,17239,18652,,20815,25583,,26567,,25272,25862,25416,24306,17770,,
697,,,21380,13906,,17239,18652,,20815,25583,,26564,,25272,25718,25416,24162,17770,,
698,,,20071,13906,,17239,18652,,20670,25583,13888,26564,,25272,25717,25416,24162,17770,,
699,,,20217,13906,,17239,18652,,23111,25583,26851,26564,,25272,25717,25416,24162,17770,,
700,11692,,20364,13906,,17239,18652,,23111,25583,26851,26564,,25272,25860,25416,24162,17770,,
701,,,20510,13906,,17239,18652,,22968,25583,,26564,,25272,25716,25416,24162,17770,,
702,27282,,20801,13906,,17240,14938,,22968,25583,,26564,,25415,25715,25416,24162,17770,,
703,,,21092,13906,,17240,18652,,22821,25583,,26564,,25415,25715,25416,24162,17770,,
704,,,20656,13906,,17240,18652,,22968,25583,,26564,,25415,25858,24690,24162,17770,,
705,11403,,20220,13906,,17240,18652,,21657,25583,,26564,,25415,25714,25416,24162,17770,,
706,8977,,20365,13906,,17241,14511,,22968,25583,,26564,,25415,25714,25416,24162,17770,,
707,7689,,20365,13906,,17241,17797,,21819,25583,,21538,,25415,25714,24690,24162,17770,,
708,6115,,20365,13906,,17241,17511,,20815,25583,,26564,,25415,25977,24690,24162,17770,,
709,3968,,20365,13906,,17241,17797,,19809,25583,,26567,,25415,25977,25416,24162,17479,,
710,4247,,20365,13611,,17242,17797,,19809,25583,,21538,,25415,25977,28613,24162,17479,,
711,6678,,21092,13611,,17242,17797,,19235,25583,,26711,,25415,25833,25416,24162,17479,,
712,10254,,20365,13611,,17242,13941,,19235,25583,,26711,,25415,25833,28613,24162,17479,,
713,10254,,20365,13611,,17242,17797,,19092,25583,,26711,,25272,25689,25416,24162,18366,,
714,10254,,20220,13619,,17242,17797,,19092,25583,,26711,,25272,25689,28321,24162,18366,,
715,5683,,20365,13619,,17242,13941,,19092,25583,,26851,,25272,25689,27885,24162,18366,,
716,4248,,20365,13619,,17242,17797,,19092,25583,,26851,,25272,25689,27594,24162,18366,,
717,4248,,20220,13619,,17242,17797,,21809,25583,,26851,,25272,25689,24396,24162,18366,,
718,4105,,19494,13619,,17243,17797,,21371,25583,,,,25272,25545,24251,24162,17479,,
719,4106,,19494,13619,,17243,17797,,21373,25583,,21538,,25272,25545,27739,24162,17479,,
720,4107,,19783,13475,,17243,18511,,21371,25583,,23585,,25272,25545,25416,24162,17479,,
721,4107,,19928,13474,,17243,17797,,21371,25583,,21538,,25272,25401,24251,24162,17479,,
722,9388,,20071,13474,,17244,17797,,21371,25583,,23873,,25272,25401,24251,24162,18366,,
723,3960,,20360,13329,,17244,17797,,21373,25583,,24016,,25272,25401,27739,24162,17479,,
724,3816,,20505,13329,,17244,17797,,21373,25583,,24304,,25272,25401,25416,24162,17479,,
725,3816,,20504,13328,,17244,17797,,19230,25583,,24592,,25272,25401,25416,24162,18366,,
726,3816,,20794,13183,,17245,17797,,19230,25583,,24735,,25272,25257,25416,24162,17479,,
727,3672,,21082,13183,,17245,13941,,18801,25583,,25023,,25272,25257,28613,24162,18366,,
728,3672,,20942,13182,,17245,13942,,18801,25583,,25311,,25272,25113,25416,24162,18511,,
729,3672,,20800,13182,,17245,13942,,18801,25583,,25454,,25270,25113,25416,24162,18368,,
730,3529,,20804,13037,,17245,13942,,10577,25583,,25742,8384,25270,25113,25416,24162,18513,,
731,3529,,20806,13036,,17245,14228,,20377,25583,,26030,,25270,24969,25416,24162,18369,,
732,3529,,20811,13036,,17245,14228,,18085,25583,,26317,,25415,24969,25416,24162,18370,,
733,3529,,20813,13037,,17245,14228,,20377,25583,,26605,,25415,24969,25416,24162,18370,,
734,3385,,20671,13038,,17245,14228,,20377,25583,,27039,,25415,24969,25416,24162,18515,,
735,3385,,20674,13040,,17245,14514,,20557,25583,,27327,,25419,24824,25416,24162,18372,,
736,3384,,20821,13185,,17245,14514,,17797,25583,,27470,,,24828,25416,24162,18517,,
737,3384,,20821,13185,,17245,14514,,17797,25583,,27758,,,25120,25416,24162,18373,,
738,3384,,20821,13185,,17245,14515,,20360,25583,,28046,,,25124,25416,24162,18375,,
739,3385,,20821,13185,,17245,18513,,20360,25583,,28333,,,23977,25416,24162,17486,,
740,3241,,20821,13185,,17245,18513,,21670,25583,,28621,,,25563,25416,24162,18520,,
741,3241,,20821,13185,,17245,18513,,17797,23551,,28909,,,25563,25416,24162,17486,,
742,3241,,20821,13185,,17245,18513,,17797,23551,20225,29052,,,25563,28613,24162,,,
743,3241,,20091,13185,,17245,18513,,17939,25583,21811,29484,,,25563,25416,24162,,,
744,3097,,20821,13185,,17245,18513,,18652,23551,23398,29772,,,25563,25416,24162,,,
745,3097,,20821,13185,,17245,18513,,,23551,24985,30060,,,25563,28613,24162,,,
746,3097,,20236,13041,,17245,18513,,,23551,26284,30347,,,25563,25416,24162,,,
747,3096,,,13041,,17245,18513,,,23551,27582,27150,,,,25416,24162,,,
748,3096,,,13040,,17245,18513,,,23551,27582,27150,,,,25416,24018,,,
749,,,,,,17245,18513,,,23551,,27150,,,,,24018,,,
