,A14,B07,A02,A27,A07,A04,B05,B17,B10,A08,A15,B22,B02,B06
0,,,29599,27719,,25729,,25848,,,20564,,19258,
1,,,29599,27719,,24037,,25848,,,20564,,19258,
2,,,29599,27142,,24179,,25848,23549,25873,20564,,19258,
3,,,29311,27142,,24178,,25848,23549,25873,20564,,19258,
4,,,28879,27431,,24320,,25849,22715,25873,20564,,19258,
5,,,28590,27719,,24462,,25848,22715,25873,20564,,19258,
6,,,28157,27575,,24604,,23702,23549,25873,20564,,19258,16475
7,,,27868,27575,,24746,,24432,22715,25873,20564,,19258,17219
8,,,27436,27431,,24745,,22309,23693,25873,20564,,19258,16475
9,,,27003,27431,,24888,,24576,22858,25873,20563,,19258,16475
10,,,26713,27431,,25030,,22874,22858,25873,20563,,19402,16475
11,,,26281,27286,,25030,,25138,22858,25873,20563,,19401,16475
12,,,25847,27286,,25172,,25138,23693,25872,20563,,19401,16475
13,,,25992,27286,,25171,,25138,23693,25872,20563,,19401,16475
14,,,26281,27142,,25313,,25138,23837,25872,20707,,19401,17219
15,,,26569,27142,,25455,,25138,23837,25872,20706,,19401,17219
16,,,26858,27142,,25454,,25138,23837,25872,20706,,19401,17219
17,,,26861,27142,,25597,,25138,23837,25872,20706,,19401,17219
18,,,27006,27142,,25739,,25138,23837,25872,20706,,19401,17219
19,,,27295,26998,,25738,,25138,23837,25872,20706,,19401,17219
20,,,27584,26999,,27148,,25282,23146,25872,20706,,19401,17219
21,,,27729,27000,,27148,,25282,23148,25872,20706,,19401,17219
22,,,27875,27001,,27148,,25282,23148,25872,20706,,19401,17219
23,,,28164,27002,,27147,,25282,23149,25872,20706,,19400,17219
24,,,28309,27147,,27147,,25282,23149,25872,20706,,19544,17219
25,,,28598,27147,,27147,,25282,23151,25872,20706,,19544,17363
26,,,28887,27147,,27147,,25282,23151,25872,20706,,19544,17363
27,,,29033,27147,,27147,,25282,23296,25872,20850,,19544,16619
28,,,29033,27147,,27147,,25282,23298,25872,20849,,19544,16619
29,,,29033,27147,,27147,,25282,23298,25872,20849,,19544,17363
30,,,29033,27147,,27147,,25581,23299,25872,20849,,19544,16619
31,,,28172,27147,,27147,,25581,23299,26016,20849,,19544,16619
32,,,28172,27146,,27146,,25581,23301,26016,20849,,19544,17363
33,,,29033,27146,,27146,,25327,23301,26016,20849,,19543,17363
34,,,28889,27146,,27002,,25725,23446,26016,20849,,19543,16619
35,,,27595,27002,,27002,,25425,23447,26016,20849,,19543,16619
36,,,27162,27002,,27002,,25425,23448,26016,20849,,19543,16619
37,,,26729,27003,,27002,,25425,24137,24323,20849,,19543,16619
38,,,25864,27003,,27002,,25425,24137,26016,20849,,19543,16619
39,,,25862,27003,,27002,,23585,24137,26016,20849,,19543,16619
40,,,24997,27003,,27002,,23585,24137,24323,20848,,19543,16619
41,,,25425,27003,,27001,,25425,23450,24323,20992,20410,19543,17363
42,,,25425,27001,,27001,,24714,23450,24323,20992,20410,19543,16619
43,,,25425,27001,,27001,,23017,24137,24323,20992,20410,19543,16619
44,,,25712,27001,,27001,,23302,24137,24323,20992,20410,19542,16619
45,,,25998,27001,,27001,,23587,24136,24323,20992,20410,19542,16619
46,,,26141,27001,,27001,,25569,23448,24323,20992,20409,19542,16619
47,25568,,26428,27001,,27001,,25311,23448,24323,20992,20409,19542,16619
48,25568,16619,26714,27001,,27001,,25311,24136,24467,20992,20409,19542,17363
49,25568,17507,27001,27001,,27001,,25568,22009,24467,20992,20553,19542,17363
50,25425,17795,25852,27001,,26016,,25310,24136,24467,20992,20552,19542,17363
51,25425,17939,25997,27001,,24323,,25568,22009,24467,20992,20552,19542,17363
52,25425,18228,26142,27001,,24467,,25568,22009,24467,20991,20552,19542,17363
53,25568,18372,26287,27001,,26017,,25568,22009,24467,21135,20552,19541,17363
54,25568,18517,25857,27001,,25764,,25845,22009,24467,21135,20552,19541,17363
55,25425,18804,26002,26857,,26017,,25845,22009,24467,21135,20552,19541,17363
56,25568,19093,26147,26857,16328,26017,,25568,22009,24467,21135,20552,19541,17363
57,25568,19382,26148,26857,16928,25764,,25568,22008,26017,21135,20552,19541,16619
58,25425,19526,25718,26857,16928,25764,,25310,22008,24325,21135,20552,19541,16619
59,25568,19815,26007,26857,16328,25764,,25568,22008,24325,21135,20552,19397,16619
60,25997,19958,26008,26857,17072,26017,,25845,22008,24325,21135,20552,19397,16619
61,26855,20247,26153,26855,17217,26017,,25845,22008,24325,21135,20552,19397,16619
62,26139,20535,25723,26855,17362,26018,,25845,22008,24325,21135,20552,19397,16619
63,25567,20824,27017,26855,17362,26018,,25845,21864,24325,21135,20551,19397,16475
64,25567,21113,27017,26855,17507,26754,,25845,21864,24325,21134,20551,19397,16475
65,25567,21257,27017,26855,17652,27285,,25845,21864,26018,21134,20551,19397,16475
66,25567,21690,27016,26855,17941,25883,,25845,21864,26018,21278,20551,19397,16475
67,25567,21833,25749,26855,17941,27160,,25845,21864,24469,21278,20695,19397,16475
68,25567,22123,25744,26855,18086,27160,,25845,21864,26018,21278,20694,19397,16475
69,25567,22410,25885,26855,18231,27160,,25845,21864,26018,21278,20694,19397,16475
70,25567,22699,25881,26855,18520,27304,,29040,21864,24469,21278,20694,19397,16475
71,25567,22988,25878,26855,18520,27304,,25845,21864,24469,21278,20694,19253,16475
72,25567,23276,26019,26855,18665,27336,,25845,21864,24469,21277,20694,19253,16475
73,25567,23709,27285,26855,18954,27194,,25845,21864,24469,21277,20694,19253,16475
74,25567,23997,28596,26855,19099,27052,,25845,21864,26019,21277,20694,19253,16475
75,25567,24286,28596,26855,19243,26909,,25845,21863,26019,21277,20694,19253,16475
76,25567,24574,28596,26855,19388,26623,,28901,21863,26019,21277,20694,19253,16475
77,26854,25007,28596,26855,19534,26480,,25711,21863,25767,21277,20694,19253,16475
78,25710,25441,28596,26855,19677,26338,,25710,21863,25767,21277,20694,19253,16475
79,25130,25728,28596,26855,19823,26196,,25710,22005,25767,21277,20694,19253,16475
80,25130,26162,28596,26854,20112,26054,,25710,22005,25767,21277,20694,19253,16475
81,25130,26449,28595,26854,20258,26020,,25453,21861,25767,21277,20694,19253,16475
82,25130,26883,28595,26854,20401,26048,,25710,21861,25767,21277,20694,19253,16475
83,25130,27315,28595,26854,20547,26185,,25453,21861,25625,21277,20693,19253,16475
84,25130,27748,28595,26854,20836,26467,,25308,21861,25625,21277,20693,19253,16475
85,25129,25129,28451,26854,20982,26605,,25307,21861,25625,21276,20693,19252,16475
86,25273,25129,28451,26854,21126,26744,,25307,21861,25625,21420,20693,19252,16475
87,25273,25129,28452,26854,21415,26854,,25306,21861,25625,21420,20693,19252,16475
88,25273,25129,28451,26854,21705,26711,,25162,21861,25625,21420,20837,19252,16475
89,25710,25129,28451,26854,21851,26713,,25160,21861,25627,21420,20837,19252,17219
90,25710,25129,28451,26855,21994,26714,,25160,21861,25483,21420,20837,19252,17219
91,25273,25129,28451,26854,22284,26716,,25159,21861,25483,21420,20836,19108,17076
92,25710,25273,28450,26854,22574,26573,,25015,21861,25483,21420,20836,19108,17076
93,25710,25701,28450,26711,22864,26574,,25417,21860,25483,21420,20836,19108,17076
94,25417,25700,28450,25416,23008,26575,,25417,21860,25483,21420,20836,19108,17076
95,25710,25700,28450,25848,23298,26577,,25417,21860,25483,21420,20836,19108,17076
96,25417,25700,28450,25848,23588,26434,,25417,21860,25485,21420,20836,19108,17076
97,25710,25700,28450,26136,23731,26435,,23574,21860,25341,21420,20836,19108,17076
98,25710,25700,28450,24841,24022,26436,,23574,21860,25341,21420,20836,19108,17076
99,25710,25700,28449,24841,24312,26438,,23574,21716,25341,21420,20836,19108,17076
100,25710,25700,28449,25417,24602,26438,,23718,21716,25341,21564,20836,19108,17076
101,25710,25700,28449,25560,24890,26440,,25560,21716,25341,21563,20836,19108,17076
102,25710,25700,28449,23978,25180,26297,,25560,21716,25593,21563,20836,19108,17076
103,25710,25700,28596,25560,25471,26298,,25560,21716,25594,21563,20836,18964,17076
104,25710,25700,28596,25560,25905,26299,,25560,21716,25594,21563,20980,18964,17076
105,25710,25700,28596,23978,26049,26300,,25560,21716,23903,21563,20979,18964,17076
106,25710,25700,28596,23978,26484,26301,,25560,21716,23903,21563,20979,18964,17076
107,25710,25700,28452,25560,26918,26302,,25560,21859,23903,21563,20979,18964,17076
108,25710,25700,28452,25416,27353,26159,,25560,21858,24047,21707,20979,18964,17076
109,24013,25700,28451,26709,27497,26159,,25704,21858,24047,21707,20979,18964,16932
110,24013,25700,28451,26709,27932,26160,,25704,21858,24047,21707,20979,18964,16932
111,24013,25700,28450,26565,28511,26161,,25704,21858,24047,21707,20979,18964,16932
112,25710,25700,28450,26565,25595,26162,,25704,21858,24047,21707,20979,18964,16932
113,25854,25700,28306,26565,24047,26163,,25704,21858,24047,21707,20979,18964,16932
114,25710,25700,28306,26566,24047,26164,,25704,21714,24191,21707,20979,18964,16932
115,25710,25700,28305,25559,24047,26020,,25703,21714,24191,21707,20979,18963,16932
116,25710,25700,28303,26135,24191,26021,,24002,21714,24191,21708,20979,18963,16932
117,25710,25700,28303,24984,25741,26022,,24002,21714,24191,21708,21123,18963,16932
118,25710,25700,28303,25847,24191,26023,,24002,21714,24191,21708,21123,18963,16932
119,25710,25844,28304,25847,24047,26024,,24002,21714,24335,21708,21123,18963,16932
120,25710,25844,28304,25847,24047,26024,,24002,21714,24335,21852,21123,18963,16932
121,25710,25844,28304,25847,24044,26025,,24001,21714,24335,21852,21123,18819,16932
122,25710,25844,28304,25847,24186,26025,,24001,21714,24335,21852,21123,18819,16932
123,25710,25844,28159,25847,24183,25882,,24001,21714,24335,21852,21123,18819,16932
124,25710,25845,28159,25847,24183,25883,,24000,21714,24479,21852,21123,18819,16932
125,25710,25845,28159,25847,24180,25883,,24000,21714,24479,21852,21123,18962,16932
126,25710,25845,28159,25847,24178,25884,,25700,21713,24479,21996,21123,18818,16788
127,25710,25845,28158,26564,24320,25885,,25701,21713,24479,21996,21123,18818,16788
128,25710,25845,28158,26565,24317,25885,,25700,21713,24479,21996,21123,18818,16788
129,25710,25989,28158,26565,24315,25886,,25700,21713,24479,21997,21123,18818,16788
130,25710,25989,28158,26565,24315,25886,,25701,21713,24623,21997,21123,18818,16788
131,25710,25989,28158,26565,24456,25887,,25700,21713,24623,21997,21123,18818,16788
132,25710,25989,28158,26565,24455,25888,,25700,21712,24623,21997,21123,18818,16788
133,25710,25989,28158,26564,24452,24479,,25700,21712,24623,22141,21123,18818,16788
134,25710,25989,28158,26565,24594,24479,,25700,21712,24623,22141,21123,18818,16788
135,25710,26133,28157,26422,24593,24334,,25700,21712,24767,22141,21123,18818,16788
136,25710,26133,28157,25559,24591,24475,,25127,21711,24767,22141,21267,18818,16788
137,25710,26133,28157,26423,24590,24471,,24697,21711,24767,22141,21267,18818,16788
138,25710,25991,28157,25848,24589,24612,,23982,21711,24767,22285,21267,18817,16788
139,25854,26561,28013,26424,24586,24610,,24842,21711,24767,22285,21267,18817,16788
140,25854,26561,28013,26137,24728,24607,,25700,21711,24911,22285,21267,18817,16788
141,25854,26561,28014,25274,24727,24605,,25415,21711,24911,22285,21267,18817,16645
142,25854,26561,28014,24843,24725,24745,,24410,21711,24911,22286,21267,18817,16645
143,25854,26561,28014,25563,24725,24886,,23549,21711,24911,22286,21267,18817,16645
144,25854,26561,28014,25276,24724,24884,,23982,21711,24911,22286,21267,18673,16645
145,25854,26561,28014,25852,24722,24883,,25700,21711,24911,22286,21267,18673,16645
146,25854,26417,28012,25565,24864,24881,,25700,21711,25055,22430,21268,18673,16645
147,25854,26417,28012,24846,24863,25021,,25701,21710,25055,22430,21268,18673,16645
148,25854,26273,28012,24703,24861,25019,,25701,21710,25055,22430,21268,18673,16645
149,25854,25987,28012,25135,26417,25017,,25700,21710,25055,22430,21268,18673,16044
150,25854,25987,28012,25854,26417,25015,,25700,21710,25055,22430,21268,18673,16044
151,25854,25986,28012,24156,26417,25157,,25557,21710,25199,22574,21268,18673,16044
152,25854,25700,28012,25854,,25155,,24982,21710,25199,22574,21268,18673,16044
153,25854,25700,28013,25854,,25153,,25414,21566,25199,22574,21268,18673,16044
154,25854,25700,28013,25854,,25151,,24983,21566,25199,22575,21268,18673,16645
155,25854,25700,28013,24156,,25150,,23688,21566,25199,22575,21411,18673,16044
156,25854,29040,28013,24156,,26705,,24984,21566,25343,22575,21411,18529,16044
157,25854,25701,27869,24156,,26705,,23977,21566,25343,22575,21411,18529,16044
158,25854,25701,27869,24156,,26705,,24409,21566,25343,22575,21411,18529,16044
159,25854,28897,27869,24156,,26705,,23546,21566,25343,22719,21411,18529,16044
160,25710,28897,27868,24156,,26705,,24410,21566,25343,22719,21411,18529,16044
161,25710,28897,27868,24156,,26563,,23691,21566,25343,22719,21411,18529,16044
162,25710,28897,27868,24155,,26420,,22972,21566,25343,22719,21555,18529,16044
163,25710,28897,27868,24155,,26421,,23836,21566,25487,22720,21555,18529,16044
164,25710,28897,27724,24155,,26278,,23261,21708,25487,22720,21555,18529,16044
165,25710,28897,27725,24155,,26278,,23980,21708,25487,22720,21555,18529,16044
166,25710,28897,27725,24011,,26136,,23980,21708,25487,22720,21555,18529,16645
167,25710,28897,27725,24011,,25992,,23980,21708,25487,22864,21555,18529,16044
168,25710,29040,27724,24011,,25993,,24125,21707,25631,22864,21555,18529,16044
169,25709,29040,27724,24011,,25995,,24268,21707,25631,22864,21556,18529,16044
170,25709,29040,27724,24011,,25852,,24268,21707,25631,22864,21556,18528,16044
171,25709,29040,27724,24011,,25708,,24412,21707,25631,23008,21556,18528,16044
172,25709,29040,27724,24011,,25709,,24412,21707,25631,23008,21556,18528,16044
173,25709,29040,27580,25709,,25709,,24557,21707,26473,23008,21556,18528,16044
174,24703,29040,27580,24011,,26424,,24700,21563,26495,23008,21556,18384,16044
175,24703,29040,27580,25709,,26333,,24700,21563,26495,23009,21556,18384,16044
176,25709,29040,27579,25709,,26473,,24845,21563,26495,23009,21556,18384,16044
177,25709,29040,27579,24439,,26474,,24845,21563,26495,23009,21556,18384,16044
178,24703,25845,27579,26423,,26495,,24988,21563,26495,23009,21556,18384,16044
179,24703,25845,27579,26423,,26495,,25133,21563,26495,23009,21556,18384,16645
180,24703,29040,27436,26423,,26495,,25133,21563,26495,23153,21556,18384,16645
181,24703,29040,27436,26423,,26495,,25277,21563,26495,23153,21556,18384,16044
182,24415,29040,27436,26423,,26495,,25277,21563,26495,23153,21556,18384,16044
183,24415,29040,27436,26423,,26495,,25421,21563,26495,23153,21700,18384,16044
184,24415,29040,27435,26423,,26495,,25421,21563,26495,23297,21700,18384,16044
185,24415,29040,27435,26423,,26495,,25565,21563,26495,23297,21843,18384,16044
186,24415,29040,27435,26423,,26495,,25709,21562,26495,23297,21843,18240,16044
187,25134,29040,27435,26423,26619,26639,,25307,21562,26495,23298,21843,18240,16044
188,25134,29040,27435,26423,,26639,,25565,21562,26495,23298,21843,18240,16044
189,25134,29040,27291,26307,,26639,,25564,21562,26495,23298,21843,18240,16044
190,25134,29040,27292,26307,,26639,,25564,21562,26495,23298,21843,18240,16044
191,25134,29040,27290,26307,,26621,,25564,21562,26495,23298,21843,18240,16044
192,24846,29040,27290,26307,,26765,,25564,21562,26495,23442,21843,18240,16044
193,24846,29040,27290,26307,,26765,,25162,21561,26495,23442,21843,18240,16044
194,24846,29040,27290,26307,,26765,,25564,21561,26495,23442,21843,18240,16044
195,24846,29040,27290,26307,,26765,,25564,21561,26639,23442,21844,18240,16044
196,24846,29040,27146,26423,,26765,,25846,21561,26639,23586,21844,18240,16044
197,24558,25846,27147,26422,,26495,,25846,21561,26639,23586,21844,18240,16044
198,24558,24146,27147,26422,,26338,,25846,21561,26639,23586,21844,18238,16044
199,24558,24146,27146,26422,,26179,,25845,21561,26639,23586,21844,18238,16044
200,24558,24146,27146,26422,,26022,,29040,21561,26639,23730,21844,18238,16044
201,25564,24290,27146,26422,,26129,,29040,21560,26639,23730,21844,18238,16044
202,25564,24290,27146,26422,,25984,,25845,21560,26639,23730,21844,18238,16044
203,25564,24290,27146,26422,,25845,,29040,21560,26639,23730,21844,18238,16044
204,25564,24291,27002,26422,,24429,,29040,21560,26639,23731,21844,18238,16044
205,25554,24291,27003,26422,,26129,,29040,21560,26639,23731,21844,18238,16044
206,25564,24291,27003,26422,,26129,,29040,21560,26639,23731,21844,18238,16044
207,25564,24291,27001,26422,,25984,,29040,21560,26639,23731,21988,18094,16044
208,25564,24434,27001,26422,,25984,,29040,21560,26639,23875,21988,18094,16044
209,25564,24434,27001,26422,,24579,,29040,21560,26639,23875,21988,18094,16044
210,25564,24434,27001,26422,,24734,,29040,21416,26639,23875,21988,18094,16044
211,25564,24434,26857,26422,,24890,,29040,21416,26639,23875,21988,18094,16044
212,25420,24434,26858,26422,,25048,,29040,21416,26639,24019,21988,18094,16044
213,25420,24434,26858,26422,,25775,,29040,21416,26639,24019,21988,18094,16044
214,25420,24578,26858,26422,,27056,,29040,21416,26639,24019,21988,18094,16044
215,25420,24578,26857,26422,,25842,,29040,21416,26639,24163,21988,18094,16044
216,25421,24578,26857,26422,,25842,,29040,21416,26783,24020,22131,18094,16044
217,25421,24579,26857,26422,,25984,,28897,21416,26783,24020,22131,18094,16044
218,25421,24579,26857,26566,,25984,,28897,21416,26783,24020,22132,18094,16044
219,25421,24721,26713,26567,,25984,,28897,21416,26783,24020,22132,18094,16044
220,25421,24722,26713,26567,,25984,,28897,21416,26783,24164,22132,18094,16044
221,25421,24722,26713,26567,,25984,,28897,21558,26783,24164,22132,18093,16044
222,25421,24722,26713,26567,,25984,,28897,21558,26783,24164,22132,18093,16044
223,25421,24722,26712,26567,,24426,,28897,21558,26783,24164,22132,18093,16044
224,25419,24722,26712,26567,,24426,,28897,21558,26783,24308,22132,18093,16044
225,25419,24722,26568,26567,,24426,,29187,21557,26783,24308,22132,17949,16044
226,25419,24722,26569,26567,,24426,,29187,21557,26783,24308,22132,17949,16044
227,25419,24866,26569,26567,,24283,,29187,21557,26783,24452,22132,17949,16044
228,25419,24866,26569,26567,,24427,,29187,21557,26783,24309,22132,17949,16044
229,25419,24867,26569,26567,,24427,,29187,21557,26783,24309,22132,17949,16044
230,25419,26422,26567,26567,,24427,25847,29187,21557,26783,24309,22276,17949,16044
231,24269,26422,26568,26567,,24428,25586,29187,21413,26783,24309,22276,17949,16044
232,24269,25009,26568,26567,,24285,25847,29187,21413,26783,24453,22276,17949,16044
233,24269,26422,26568,26567,,24285,25847,29187,21413,26783,24453,22276,17949,16044
234,25419,26422,26568,26567,,24285,25586,29187,21413,26783,24453,22276,17949,16044
235,25419,25009,26568,26567,,24429,25586,29187,21413,26783,24597,22276,17949,16044
236,24269,25009,26567,26567,,24429,25586,29187,21413,26783,24597,22276,17949,16044
237,24557,26423,26568,26567,,24287,25587,29043,21413,26783,24597,22276,17805,16645
238,24557,26279,26568,26567,,24287,25587,29043,21413,26783,24597,22276,17805,16044
239,24845,26280,26568,26567,,24287,25587,29043,21413,26783,24741,22276,17805,16044
240,23982,26280,26568,26567,,24287,25587,29043,21413,26783,24598,22276,17805,16044
241,23982,26280,25417,26567,,24287,25589,29043,21413,26783,24598,22276,17805,16044
242,24270,26279,25417,26567,,24288,25589,29043,21413,26783,24598,22420,17805,16044
243,24270,26423,25417,26567,,24288,25589,29043,21413,26927,24742,22420,17805,16044
244,24558,26307,25417,26568,16328,24289,25589,29043,21413,26927,24742,22420,17805,16044
245,23839,26307,25417,26452,16328,24289,25590,29043,21413,26927,24742,22420,17805,16044
246,23839,26163,25849,26452,16328,24289,25590,29043,21412,26927,24742,22420,17805,16044
247,24127,26279,25849,26452,16063,24290,25590,28899,21412,26927,24743,22420,17805,16044
248,24127,26279,25849,26452,16328,24290,25446,29189,21412,26927,24743,22420,17805,16044
249,24415,26279,25849,26452,16928,24290,25447,29189,23687,26927,24743,22420,17805,16645
250,24703,26279,25849,26452,16928,24290,25447,29189,26452,26927,24743,22420,17805,16044
251,24703,26279,26137,26452,16328,24291,25447,29189,26452,26927,24887,22420,17804,16044
252,23840,26279,26137,26452,16328,25848,25448,29189,26452,26927,24887,22420,17804,16044
253,23840,26279,26137,26452,16328,25589,25448,29189,26452,26927,24887,22420,17804,16044
254,24128,26279,26137,26452,16328,25589,25448,29189,26452,26927,24887,22564,17804,16645
255,24416,26279,26137,26452,16328,25589,25448,29189,26452,26927,25031,22564,17660,16645
256,24416,26280,26425,26452,16328,25589,25450,29189,26452,26927,25031,22564,17660,16645
257,24704,26280,26425,26452,16328,25589,25450,29045,26452,26927,25031,22564,17660,16044
258,24704,26280,26425,26452,16928,25589,25450,29045,26452,26927,25175,22564,17660,16044
259,23985,26280,26425,26452,16928,25589,25450,29045,26452,26927,25175,22564,17660,16044
260,24273,26280,26425,26452,16328,25589,25451,29045,26452,26927,25032,22564,17660,16044
261,24273,26280,25274,26452,17793,25589,25451,29045,26451,26927,25032,22564,17660,16044
262,24417,26280,25274,26569,18514,25589,25307,29045,26451,26927,25032,22564,17660,16044
263,24417,26281,25274,26570,19379,25849,25307,29045,26451,26927,25176,22564,17660,16044
264,24705,26281,25274,26570,20100,24009,25308,29045,26451,26927,25176,22564,17660,16044
265,23986,26281,25274,26570,21110,23868,25308,29045,26595,27071,25176,22708,17660,16044
266,23986,26281,25706,26570,22119,25568,25308,29045,26595,27071,25176,22708,17660,16044
267,24274,26281,25706,26570,23129,25568,25308,29045,26595,27071,25320,22708,17516,16044
268,24274,26281,25706,26570,24283,23871,25310,29045,23685,27071,25320,22708,17516,16044
269,24562,26281,25706,26570,25437,23870,25310,29045,26449,27071,25464,22708,17516,16044
270,24706,26281,25706,26570,26879,24013,25310,29045,26449,27071,25464,22708,17516,16044
271,24706,26281,25994,26570,28321,24156,25569,25850,26449,27071,25321,22708,17516,16044
272,24131,24725,25994,26568,26568,24298,25569,25850,26449,27071,25321,22709,17658,16044
273,24131,24725,25994,26164,,24299,25570,25850,26449,27071,25321,22709,17658,16044
274,24275,24725,25994,25874,,24441,25313,25850,26449,27071,25465,22709,17514,16044
275,24563,24725,26425,25585,,24583,25570,25850,26449,27071,25465,22709,17514,16044
276,24563,26281,26425,25296,,24582,25313,25850,26306,27071,25465,22709,17514,16044
277,23988,26281,26425,25412,,26281,25570,25850,26306,27071,25465,22852,17514,16044
278,23988,26281,26714,23712,16328,26165,25313,25850,26306,27071,25609,22852,17514,16044
279,24132,24725,26426,23713,16928,26165,25313,25715,26306,27071,25466,22852,17514,16645
280,24420,24725,26426,23857,16928,26165,25457,25715,26306,27071,25753,22852,17514,16044
281,24420,24727,26426,23858,16928,26165,25457,25715,26306,27071,25753,22852,17514,16044
282,24564,24727,25014,24002,16928,26166,25455,25716,26306,27071,25753,22852,17514,16044
283,24564,24584,26426,24147,16928,26166,25599,25716,26306,27071,25753,22852,17514,16645
284,23989,24584,26426,24147,16928,26166,25599,25716,26306,27071,25753,22852,17514,16645
285,24277,24584,26426,24291,16928,26166,25599,25716,26306,27071,25753,22852,17514,16044
286,24277,24586,26426,24436,16928,26023,25742,25716,26306,27071,25753,22996,17370,16044
287,24421,24586,26426,24436,16328,26023,25742,25460,26306,27071,25752,22996,17370,16645
288,24421,24444,24872,24580,16328,26023,25886,25460,26306,27071,25752,22996,17370,16645
289,24565,24444,24729,24725,16928,26023,25886,25460,26306,27071,25752,22996,17370,16044
290,24134,24445,24589,24869,16928,26025,25886,25460,23396,27071,25752,22996,17370,16044
291,24134,24445,24446,24870,16928,26025,26029,25460,23396,27071,25752,22996,17370,16645
292,24278,24445,24305,25014,16928,26025,26029,25461,26016,27215,25896,22996,17370,16645
293,24278,24303,24306,26570,16928,26025,26029,25461,26016,27215,25896,22996,17370,16044
294,24422,24303,25718,26570,16928,26025,26173,25461,26160,27215,25896,22996,17370,16044
295,24710,24304,25718,26570,16328,26026,26172,25461,26160,27215,25896,22996,17370,16044
296,24710,24305,25718,26428,16328,26026,26316,25461,26160,27215,25896,22997,17370,16044
297,24135,24305,25718,26570,17072,26026,26316,25461,26160,27215,25896,22997,17370,16044
298,24135,24162,25718,26428,17215,26026,26316,25718,26160,27215,25896,22997,17370,16044
299,24279,24162,25718,26572,17215,26027,26458,25718,23395,27215,25896,22997,17370,16645
300,24567,24164,25718,26571,17360,25883,26458,25718,26014,27215,25896,22997,17369,16044
301,24567,24164,25718,26572,17504,25883,26458,,26014,27215,25896,22997,17369,16044
302,24711,25718,24022,26573,17648,25883,26602,,26014,27215,25896,22997,17369,16044
303,24711,24022,24022,26573,17648,25885,26602,,26014,27215,25896,22997,17369,16044
304,24136,24022,24022,26573,17793,25885,26601,,26014,27215,25896,22997,17225,16044
305,24424,24167,24022,26574,17936,25885,26745,,26014,27215,25896,23141,17225,16044
306,24424,24167,24166,26574,17936,25885,26745,,26014,27215,26039,23141,17225,16044
307,24568,24309,24167,25863,18081,25886,26745,,26014,27215,26039,23284,17225,16044
308,24568,24310,24167,25863,18225,25886,26888,,26014,27215,26039,23284,17225,16044
309,24137,24310,24167,25863,18369,25886,26888,,26014,27215,26039,23284,17225,16044
310,24281,24310,24167,25863,18513,25886,27032,,26014,27215,26039,23284,17225,16044
311,24281,24454,24167,25863,18658,25886,27032,,26014,27215,26039,23284,17225,16044
312,24425,24596,25863,24167,18658,25744,27002,,26014,27215,26039,23284,17225,16044
313,24425,24597,25863,24311,18801,25744,30776,,26014,27359,25895,23284,17225,16044
314,24569,24597,24311,25864,18946,25744,30776,,26014,27359,25895,23283,17225,16044
315,24138,24597,25864,25864,19090,25744,30920,,26014,27359,25895,23283,17225,16044
316,24138,24740,25864,24170,19090,25745,30920,,26014,27359,25895,23283,17081,16044
317,24282,24740,25864,24170,19234,25745,30920,,26014,27359,25895,23283,17081,16044
318,24282,24884,25864,24170,19379,25745,30920,,26014,27359,25895,23283,17081,16044
319,24426,24884,25864,25864,19523,25745,31064,,26014,27359,25895,23283,17081,16044
320,24570,24885,25864,25864,19666,25747,31064,,26014,27359,25895,23283,17081,16044
321,24570,25027,25864,24170,19812,25747,31064,,26014,27359,25895,23283,17081,16044
322,24139,25028,24170,24170,19955,25747,31064,,26014,27359,26038,23283,17081,16044
323,24139,25028,24170,24170,19955,25747,31064,,23250,27359,26182,23283,17081,16044
324,24283,25028,24170,25864,20099,25604,31063,,23250,27359,26325,23283,17081,16044
325,24571,25172,24170,24170,20244,25604,31063,,25724,27359,26469,23283,17081,16044
326,24571,25171,24170,24312,20388,25604,31062,,25724,27359,26899,23283,17081,16645
327,24140,25315,25864,24455,20532,25604,31062,,25724,27359,27186,23426,17081,16044
328,24140,25315,24170,24597,20677,25604,31061,,25724,27359,27186,23426,17081,16645
329,24284,25316,24170,24597,20821,25606,31061,,25724,27359,27473,23426,17081,16645
330,24428,25458,24170,24739,20964,25606,31061,,23250,27359,27760,23426,17080,16044
331,24428,25459,24169,24738,20964,25606,31061,,23250,27359,27760,23426,17080,16044
332,24572,25459,24169,24881,21253,25606,31060,,25724,27359,27760,23426,16936,16044
333,24572,25459,24169,25023,21253,25607,31060,,25724,27359,27616,23426,16936,16645
334,24141,25603,24169,25024,21397,25607,31060,,25724,27359,27615,23426,16936,16645
335,25865,25745,24169,25166,21541,25463,31059,,25724,27359,27615,23426,16936,16044
336,25865,25745,24169,25308,21686,25463,31059,,25724,27359,27615,23426,16936,16044
337,25865,25746,24169,25307,21830,25465,31058,,25724,27359,27614,23426,16936,16044
338,25721,25746,24169,25450,21974,25465,31058,,25724,27359,27757,23282,16936,16044
339,25721,25889,24025,25450,22263,25465,31058,,25724,27359,27613,23282,16936,16645
340,25466,25889,24025,25592,22407,25465,31057,,25724,27503,27613,23282,16936,16044
341,25466,25889,24025,25591,22407,25721,31057,,25724,27503,27613,23282,16936,16044
342,25466,26033,24025,25735,22550,25466,31057,,25724,27503,27613,23282,16936,16044
343,25466,26033,25721,25735,22840,25466,31056,,25724,27503,27469,23282,16936,16044
344,25466,26032,25721,25877,22840,25466,31056,,25724,27503,27469,23282,16936,16043
345,25466,26176,29067,25876,22983,25466,31056,,25724,27324,27469,23282,16935,16043
346,25466,26177,29067,26019,23273,25466,31055,,23105,27324,27325,23282,16935,16043
347,25466,26177,25721,26161,23416,25466,31055,,25724,27324,27325,23282,16935,16043
348,25466,26177,26466,26161,23560,25466,31054,,25724,27180,27325,23282,16935,16043
349,25322,26320,24153,26161,23704,25721,31054,,23105,27180,27181,23281,16935,16043
350,25322,26320,22419,26304,23849,26613,31054,,23105,27179,27181,23281,16935,16043
351,25322,26320,20685,26302,23993,27758,31054,,23105,27179,27181,23424,16935,16643
352,25322,26464,19385,26446,24137,28443,31053,,25724,27179,26894,23424,16935,16643
353,25322,26463,18084,26446,24426,28443,31053,,25724,27034,26894,23424,16935,16643
354,25322,26463,16328,26588,24570,28443,31052,,25870,27034,26894,23424,16934,16643
355,25322,26608,16928,26588,24714,28443,31052,,25870,27034,27037,23424,16934,16643
356,25322,26608,16928,26730,24858,28443,31052,,25870,27033,26893,23424,16934,16643
357,25322,26608,16928,27856,25147,28443,31051,,26160,26889,26893,23424,16934,16643
358,25322,26751,16928,27856,25291,28738,31051,,26160,26889,26893,23280,16934,16643
359,25322,26751,16928,27856,25435,28738,31051,,26160,26888,26749,23280,16934,16643
360,25322,26751,16928,27856,25724,28587,31050,,26306,26888,26606,23280,16934,16643
361,25322,26751,16928,28000,25868,29048,31050,,26306,26888,26606,23280,16934,16643
362,25322,26895,16928,28000,26012,29048,31050,15899,26306,26887,26462,23280,16934,16643
363,25322,26894,16928,28000,26156,29048,31049,15899,26451,26743,26462,23280,16934,16643
364,25322,26894,16928,28000,26445,28587,31049,15899,26451,26743,26462,23280,16934,16643
365,25322,27038,16928,28000,26589,29048,31049,16500,26595,26742,26605,23280,16933,16643
366,25322,27039,16928,28000,26733,28587,31049,15899,26742,26597,26461,23280,16933,16643
367,25322,27181,16928,28144,26877,27437,31048,15899,26741,26597,26318,23279,16933,16643
368,25322,27181,16928,28144,27166,27581,31048,16500,26741,26597,26318,23279,16933,16500
369,25322,27182,16928,28144,27310,27869,31047,16500,27032,26596,26174,23279,16933,16500
370,25322,27182,16928,28144,27454,27869,31047,16500,27032,26596,26174,23279,16933,16500
371,25322,27182,16928,28144,27888,28013,31047,15899,27032,26452,26030,23279,16933,16500
372,25322,27325,16928,28144,28031,28157,31047,15899,27322,26452,26030,23279,16933,16500
373,25322,27325,16928,28289,28175,28445,31046,15899,27322,26451,26030,23279,16932,16500
374,25576,27325,16928,28289,28319,28445,31046,15898,27322,26450,26030,23279,16932,16500
375,25576,27469,16928,28289,28753,27726,31046,15898,27612,26450,25886,23279,16932,16500
376,25576,28447,16328,28289,28897,27870,31045,16498,27612,26306,25886,23279,16932,16500
377,25576,28588,16328,28289,29040,28014,31045,16498,27612,26305,25886,23279,16932,16500
378,25576,28730,16328,28289,29474,28014,31045,16498,27902,26305,25886,23279,16932,16500
379,25576,,16328,28434,29618,28158,31044,16355,27902,26160,25742,23279,16932,16500
380,25576,,17775,28435,29762,28302,31044,16355,27902,26160,25742,23278,16932,16500
381,25576,,19220,28435,30050,28302,31044,16355,28048,26160,25742,23278,16932,16500
382,25576,,20809,28435,30484,28590,31044,16355,28048,26159,25742,23278,16932,16500
383,25576,,22255,28435,30483,28734,31043,16355,28192,26015,25598,23421,16788,16500
384,25576,,23843,28435,30771,28878,31043,16355,28483,26015,25598,23421,16788,16500
385,25576,,25576,28435,31061,28878,31042,16355,28483,26014,25598,23277,16788,16500
386,25576,,25720,28435,31059,28159,31042,16355,28483,26013,25454,23277,16788,16500
387,25576,15754,25863,28435,31057,28303,31042,16355,28629,26013,25454,23277,16788,16500
388,25576,15754,26150,28435,31056,29309,31042,16355,28629,25869,25454,23277,16788,16500
389,25576,17795,26437,28435,31054,29309,31041,16355,28773,25868,25454,23277,16788,16500
390,25576,19526,26724,28435,31053,29309,31041,16355,29064,25868,25310,23277,16788,16500
391,25576,21400,27011,28435,31051,29309,31041,16355,29064,25723,25310,23277,16788,16500
392,25576,23564,27155,27284,29019,29310,28576,16355,29064,25722,25310,23277,16788,16500
393,25576,26160,27442,27284,28731,29310,28579,16355,29211,25722,25310,23277,16787,16500
394,25576,29333,27728,27284,28586,29310,28580,16355,29354,25577,25166,23277,16787,16500
395,25576,29021,28015,28148,28298,29310,28579,16355,29354,25576,25166,23277,16787,16500
396,25576,29021,28302,28148,28152,29310,28579,16355,29645,25576,25166,23277,16787,16500
397,25576,29166,28876,28148,28008,29310,28579,16355,29645,25576,24879,23277,16787,16500
398,25576,29310,28876,28148,27719,28735,28579,16355,29645,25576,24879,23419,16787,16500
399,25576,29310,28876,28436,27575,28304,28579,16355,29936,25576,24879,23419,16787,16500
400,25576,29310,28876,28436,27285,27873,28721,16355,29936,25576,24879,23419,16787,16500
401,25576,29165,28876,28292,27141,27442,28721,16355,29936,25576,24878,23419,16787,16500
402,25576,29165,28876,28292,26852,27012,28721,16355,30371,25576,24878,23419,16787,16500
403,25576,29311,28876,28292,26707,26580,28722,15754,30371,25576,24878,23419,16787,16500
404,25576,29311,28876,28292,26418,26294,28722,17074,27026,25577,24735,23419,16787,16500
405,25576,29311,28876,28292,26274,25863,28722,17939,27026,25577,24591,23275,16787,16500
406,25576,29311,28876,28292,26129,25576,28722,18948,27025,25577,24591,23275,16786,16500
407,25576,29311,28876,28292,25840,25576,28723,19812,27024,25577,24591,23275,16786,16500
408,25576,29306,28876,27429,25696,25576,28578,20821,27024,25577,24591,23275,16786,16500
409,25431,29306,29019,27429,25407,25576,28435,21974,27024,25577,24590,23275,16786,16500
410,25575,29306,29019,27429,25262,25575,28291,23125,27023,25577,24590,23275,16786,16500
411,25575,29306,29019,28292,28456,25575,28292,24423,27022,25577,24447,23275,16786,16500
412,25575,29306,29019,27311,28456,25575,28292,25720,27022,25577,24447,23275,16786,16500
413,25575,29454,29019,27310,28456,26723,28292,27160,27022,25577,24303,23275,16786,16500
414,25575,29602,29019,27167,28456,28015,28292,28746,27021,25577,24303,23274,16786,16500
415,25575,29602,29019,27167,28456,29450,28293,30620,27021,25577,24303,23274,16786,16500
416,25575,29602,29019,28149,28456,29450,28293,28724,27021,25577,24303,23274,16786,16500
417,25575,29602,29019,28149,28456,29450,28293,28724,27020,25577,24302,23274,16785,16500
418,25575,29602,29019,27169,28456,29450,28294,28724,27020,25577,24302,23274,16785,16500
419,25575,29602,29019,27169,28456,29450,28294,28724,27020,25575,24159,23274,16785,16356
420,25575,29602,29019,27314,28456,29450,28295,27886,27020,25575,24159,23274,16641,16356
421,25575,29449,29019,27314,28456,29449,28295,27744,27020,25433,24015,23274,16641,16356
422,25719,29449,29019,27458,28313,29449,28440,27744,27019,25292,24015,23274,16641,16356
423,25719,29450,29020,27459,28313,29450,28440,28581,27019,25292,24015,23274,16641,16356
424,25719,29450,29020,27459,28313,29450,28440,27600,27019,25292,24015,23274,16641,16356
425,25719,29450,29020,28582,28313,25292,28441,27744,27018,25292,24015,23274,16641,16356
426,25719,29450,28877,27602,28313,29450,28441,28582,27018,25292,23871,23274,16641,16356
427,27862,29449,28877,27602,25263,29450,28585,28582,27018,25292,23871,23273,16641,16356
428,27862,29449,28877,27602,28458,29450,28585,28582,27018,25292,23871,23273,16641,16356
429,27862,29449,28878,27602,28461,29450,28587,28582,27018,25292,23871,23416,16641,16356
430,27862,29449,28878,27602,28607,29450,28586,28583,27017,25292,23727,23416,16641,16356
431,27718,29449,28878,28439,28753,29450,28586,28439,27017,25292,23727,23416,16641,16356
432,27718,29449,28879,28439,28755,29450,28731,28439,27016,25291,23727,23416,16642,16356
433,27718,29449,28879,28161,28901,29450,28731,28439,27016,25291,23584,23272,16642,16356
434,27718,29593,28879,28161,29048,29450,28732,28439,27016,25291,23584,23272,16642,16356
435,27718,29449,28880,28161,29050,29449,28732,28440,27016,25291,23584,23272,16642,16356
436,27718,29449,28880,28161,29196,29449,28876,28296,27016,25291,23584,23272,16498,16356
437,27718,29449,28881,28161,29343,29449,28876,28296,27159,25291,23584,23415,16498,16356
438,27718,29449,29167,28161,29490,25291,28876,28297,27159,25291,23584,23415,16498,16356
439,27718,29449,29167,28161,26294,25291,28015,28297,27159,25291,23584,23415,16498,16356
440,27718,29449,29167,28160,26294,25291,28160,28297,27158,25291,23584,23415,16498,16356
441,27718,29306,29167,28160,26438,25291,27586,28297,27158,25291,23584,23415,16498,16356
442,27718,29306,29167,28160,26439,25291,28593,28298,27158,25291,23584,23415,16498,16356
443,27718,29306,29167,27182,26583,25291,27470,28154,,25291,23584,23415,16498,16356
444,28299,29306,29167,27182,26870,25435,27323,15754,23106,25291,23584,23415,16498,16356
445,28880,29306,28333,27326,27014,25435,28155,15754,26449,25291,23584,23415,16498,16356
446,29461,29306,28333,27327,27015,25291,27005,15754,27607,25291,23584,23415,16498,16356
447,30213,29306,28333,28306,27159,25290,27293,28155,28765,25291,23584,23415,16498,16356
448,30069,29306,28335,28306,27446,25289,27437,15754,26725,25291,23584,23415,16498,16356
449,30069,29162,28335,28306,27590,25289,27581,28015,23107,25291,23584,23415,16498,16356
450,29925,29162,28335,28162,27590,25431,27869,28162,26869,25435,23728,23415,16498,16356
451,29780,29162,28336,28162,27591,25287,28013,15754,23107,25434,23728,23415,16498,16356
452,29780,29162,28336,28588,27878,25429,27294,28014,23107,25291,23728,23415,16498,16356
453,29635,29162,28336,28588,28022,25285,27438,28014,23107,25291,23728,23415,16498,16356
454,29635,29162,28338,28588,28166,25284,28588,28014,27027,25291,23728,23414,16498,16356
455,29491,29162,28338,28588,28167,25283,29176,27870,28619,25291,23728,23414,16354,16356
456,29490,29162,28338,28588,28597,25283,29176,27870,27012,25291,23728,23414,16354,16356
457,29346,29019,28339,28588,28598,25281,28013,27870,26868,25577,23728,23414,16354,16356
458,29346,29019,28339,28588,28742,25281,28013,27870,26724,25577,23728,23414,16354,16356
459,29202,29019,28339,28588,28886,25422,27151,27870,26579,25577,23728,23414,16354,16356
460,29058,29019,28197,28588,29174,25422,27151,27869,26435,25577,23728,23414,16354,16356
461,29056,29017,28197,28587,29174,25278,27151,27869,26290,25577,23728,23414,16354,15754
462,28912,29017,28197,29048,29174,25420,28013,27869,26146,25577,23728,23414,16354,15754
463,28912,28873,29030,29048,28169,25276,27726,27012,26001,25720,23728,23414,16354,15754
464,28768,28874,29030,28904,28169,25418,27294,27012,25856,25720,23728,23270,16354,15754
465,28768,28874,29030,28902,28169,25274,27869,27869,25711,25720,23728,23270,16354,15754
466,28622,28874,29030,28902,28313,25416,28587,27869,25567,25720,23728,23270,16354,15754
467,28622,28874,28199,28902,28313,25271,28013,27012,25422,25720,23728,23270,16354,15754
468,28478,28874,28199,28758,28313,25271,27151,27869,25277,25720,23728,23270,16354,15754
469,28478,28874,29030,28757,28313,25413,27007,27869,25133,25862,23728,23270,16354,15754
470,28333,28874,28199,28757,28313,25269,27007,27869,24988,25862,23728,23270,16355,15754
471,28333,28874,28199,28613,28313,25410,26719,27869,24699,25862,23728,23270,16962,15754
472,28189,28730,28198,28613,28026,25266,26719,27869,24554,25862,23728,23270,16355,15754
473,28189,28730,28887,28612,28026,25408,27438,27869,24409,25862,23728,23270,16962,15754
474,28045,28730,28056,28612,28026,25408,27438,27869,24120,25862,23728,23270,16355,15754
475,28043,28730,28886,28468,28026,25408,27294,27012,24120,26005,23728,23270,16355,15754
476,27899,28730,28886,28468,28026,25408,27294,27012,23832,26005,23728,23270,16355,15754
477,27899,28730,28054,28466,28026,25408,27006,27437,23687,26005,23728,23269,16355,15754
478,27755,28730,28054,28322,28026,25408,27006,27437,23396,26005,23728,23269,16355,15754
479,27755,28586,28055,28322,27739,25147,26862,27437,26016,26005,23728,23269,16962,15754
480,27610,28587,28055,28322,27739,25293,27724,27437,26016,26005,23728,23269,16962,15754
481,27610,28587,27913,28321,27739,25439,26865,27437,26016,26148,23728,23269,16355,15754
482,27610,28587,27913,28177,27883,25585,27300,26171,26016,26148,23728,23269,16355,15754
483,27466,28585,28746,28177,27883,25730,27447,27437,26016,26148,23728,23269,16355,15754
484,27466,28585,27914,28177,27883,25877,27738,26171,23396,26148,23728,23269,16962,15754
485,27320,28585,27770,28176,27883,26022,28746,26171,27025,26148,23728,23269,16962,15754
486,27320,28442,27770,28032,27883,26169,28746,26170,27890,26148,23728,23269,16962,15754
487,27176,28442,27768,28032,27883,26314,28746,26026,28899,26290,23728,23268,16962,15754
488,27176,28442,27768,28032,27883,26461,28746,27293,29908,26290,23728,23268,16962,15754
489,27002,28442,27767,28031,27596,26751,28746,27293,27433,26290,23728,23268,16962,15754
490,27001,28442,27623,27887,27596,26866,28602,26026,27433,26290,23728,23268,16962,15754
491,27000,28442,27621,27887,27596,26866,28602,26025,27432,26290,23728,23268,16962,15754
492,27000,28442,27621,27887,27740,26866,28602,26025,27432,26290,23584,23268,16962,15754
493,27149,28442,27621,27885,27740,26866,28602,26024,27287,26576,23584,23268,16962,15753
494,27149,28298,27620,27741,27740,26866,28602,25880,27287,26576,23584,23268,16962,15753
495,27149,28298,27618,27741,27740,26866,28602,25880,27288,26576,23584,23268,16962,15753
496,27149,28298,27618,27741,27740,26866,28602,25878,27288,26576,23584,23268,16962,15753
497,27149,28298,27474,27740,27740,26866,29065,25878,27287,26576,23584,23124,16962,15753
498,27149,28298,28450,27596,27740,26866,28918,25878,26997,26576,23583,23124,16962,15753
499,27149,28298,28450,27596,27453,26866,28771,25876,26997,26719,23583,23124,16962,15753
500,27149,28298,27444,27596,27453,26866,28624,25876,26997,26719,23583,23124,16962,15753
501,27005,28154,27587,27595,27453,26866,28621,25876,26996,26719,23583,23124,16354,15753
502,27005,28155,27874,27451,28458,26866,28474,25874,26996,26719,23583,23124,16354,15753
503,27005,28155,28017,27451,28458,26866,28010,25874,27140,26719,23583,23124,16354,15753
504,27005,28155,27585,27451,28458,26866,28010,25873,27140,26719,23583,23267,16354,
505,26994,28153,27872,27280,28458,26866,28010,25872,26994,27005,23583,23267,16354,
506,26994,28153,28159,27137,28458,26866,28010,25872,26994,25855,23583,23267,16354,
507,26994,28009,28302,27137,28458,26866,28010,25728,26994,25711,23583,23266,16354,
508,27139,28010,27870,27137,28458,26866,28010,27139,27279,26430,23439,23266,16354,
509,26719,28010,28157,27137,28458,26866,26860,27139,27279,26142,23439,23266,16353,
510,26719,28010,28588,27137,28314,26866,26860,27139,27279,25998,23439,23266,16353,
511,26719,28010,28875,27137,28314,26866,26860,26709,27279,25710,23438,23266,16353,
512,26719,28010,28299,27137,28314,26866,26860,26422,27279,25422,23438,23266,16353,
513,26719,28010,28730,27137,28314,27008,26860,26567,27135,26285,23438,23266,16353,
514,26719,28010,29304,26993,28314,27008,26860,26424,27136,25997,23438,23266,16353,
515,26991,28010,29304,27138,28314,27008,26860,26569,27136,25709,23438,23266,16353,
516,26994,27866,29304,26990,28314,27008,26860,26426,26993,25565,23438,23266,16353,
517,26994,27866,29160,26990,28314,27008,26860,26571,26993,25277,23438,23122,16353,
518,26994,27866,29017,26990,28314,27008,26860,26428,26994,26140,23294,23122,16353,
519,26994,27866,29016,26989,28314,27008,27866,25422,26994,25852,23294,23122,16353,
520,26994,27866,28873,26989,28170,27008,26716,25423,26994,25564,23294,23122,16353,
521,26994,27866,28872,26989,28170,27008,27866,26574,26994,25276,23294,23122,16353,
522,26574,27866,28729,26989,28170,27008,27579,25164,26994,24844,23294,23122,16352,
523,26574,27722,28727,26989,28170,27008,27147,25308,26994,24556,23150,23122,16352,
524,26426,27722,28584,26989,28170,27008,26859,25309,26994,25563,23150,23122,16352,
525,26426,27722,28583,26989,27309,27008,27578,25309,26994,25275,23149,23122,16352,
526,26699,27722,28439,26989,28170,27008,27290,25453,26995,24843,,23122,16352,
527,26699,27721,28438,26989,27309,27008,28152,25596,26995,25705,,23122,16639,
528,26281,27578,28295,26989,28170,27008,28152,25597,26995,25704,,23122,16783,
529,26281,27578,28294,26989,27309,27008,28151,25741,26995,25560,,23122,17215,
530,26281,27578,28151,26989,27309,27008,28151,25742,26995,25560,,23264,17503,
531,26281,27578,28149,26989,27309,27008,28150,25742,26995,25559,,23264,17791,
532,26136,27578,28005,26989,28026,27008,28006,25887,26995,25414,,23264,18079,
533,26135,27434,28005,26989,27165,27295,28006,27295,26995,25415,,23120,18367,
534,26135,27433,27860,26989,27165,27295,28005,26996,26995,25415,,23119,18655,
535,25990,27433,27860,26989,28026,27294,27861,26996,26995,25414,,23119,19086,
536,25989,27433,27716,26989,27882,27292,27861,26996,26995,25270,,23119,19374,
537,25989,27290,27572,26989,27882,27290,27860,26996,26995,25270,,23118,19662,
538,25987,27290,27571,26989,27882,27433,27860,26996,26995,25270,,23118,19950,
539,25842,27290,27428,26989,27021,27288,27716,26996,26995,25270,,22974,20382,
540,25842,27289,27282,26989,27021,27288,27715,26996,26994,25269,,22973,20813,
541,25841,27288,27283,26989,26590,27288,27715,25584,26994,25413,,22973,21101,
542,25695,27460,27282,26989,26590,27288,27716,26853,26994,25558,,22973,21533,
543,25839,27462,27139,26989,26590,27144,27571,25441,26994,25557,,22973,21965,
544,25694,27463,26994,26989,27738,27144,27571,25441,26994,25996,,22973,22253,
545,25548,27464,26849,27132,27738,27144,27570,25440,26994,25996,,22973,22828,
546,25692,27466,26849,27132,27738,27000,27570,25440,26994,25996,,22828,22828,
547,25547,27467,26704,27132,27738,27000,27425,25296,26994,25996,,22828,22827,
548,25545,27468,26704,27132,27594,27000,27425,25296,26994,25852,,22828,,
549,25545,27470,26560,27132,27594,27000,27423,25296,27137,25852,,22828,,
550,25402,27471,26560,27132,27594,26855,27423,25438,27136,25852,,22828,,
551,25400,27473,26415,27131,27594,26855,27279,25294,27136,25852,,22682,,
552,25400,27474,26271,27131,27594,26855,27279,25294,27137,25851,,22683,,
553,25256,27476,26270,27131,27594,26855,27277,25294,27137,25851,,22683,,
554,25256,27477,26127,27131,27450,26711,27277,25294,26993,25707,,22537,,
555,25258,27479,25982,27131,27450,26709,27132,25294,26994,25707,,22538,,
556,25549,27480,25982,27131,27450,26708,27132,25150,26992,25707,,22538,,
557,25696,27482,25837,27131,27450,26562,27131,25293,26848,,,22392,,
558,25842,27484,25837,27131,27451,26561,27131,25292,26849,,,22393,,
559,25844,27307,25692,26702,26446,26560,26987,25292,26849,,,22393,,
560,25990,27307,25547,26414,26302,26558,26987,25148,26848,,,22248,,
561,26136,27307,25404,26270,26158,26414,26987,25148,26848,,,22248,,
562,26282,27307,25259,25981,26158,26415,26987,25148,26704,,,22248,,
563,26428,27163,25259,25837,26445,26413,26987,25148,26704,,,22103,,
564,25997,27163,25114,25547,26301,24535,26987,25290,26704,,,22103,,
565,25709,27163,24970,25259,26157,24535,26844,25146,26559,,,22103,,
566,25565,27163,24825,25114,26157,25112,26703,25146,26560,,,21958,,
567,24845,27163,24826,24826,26444,25831,26561,25146,26560,,,21958,,
568,25852,27019,24681,24537,26300,25831,26563,25146,26560,24390,,21958,,
569,25564,27019,24681,24246,26300,25831,26421,25145,26415,24391,,21813,,
570,25276,27019,24536,24393,26156,25832,26423,25145,26415,24247,,21813,,
571,24556,27019,24393,24683,26443,25832,26281,25145,26415,24248,,21813,,
572,25563,27019,24248,24829,26299,25688,26282,25144,26415,24248,,21668,,
573,25275,26875,24101,24975,26299,25689,26282,25144,26270,24248,,21668,,
574,24555,26875,24102,25121,26155,25834,25274,25000,26270,24104,,21523,,
575,25706,26875,24102,25267,26586,25834,25847,25000,26270,24104,,21523,,
576,25274,26875,24246,25413,26442,25689,25848,25000,26270,24104,,21523,,
577,24842,26875,24246,25702,26298,25689,25991,25000,26126,23961,,21378,,
578,25705,26731,24246,25990,26154,25688,25849,25000,26125,23959,,21378,,
579,25417,26731,24390,25990,26010,25688,26137,24998,26125,23816,,21378,,
580,24841,26731,24390,25990,26441,25689,25994,24998,25981,23816,,21233,,
581,25560,26731,24390,25990,26297,25688,26137,24998,25982,23816,,21233,,
582,25416,26587,24535,25847,26153,25688,24555,24998,25980,23672,,21233,,
583,24984,26587,24535,25559,26009,25688,25993,24998,25980,23673,,21087,,
584,24408,26587,24679,25414,26440,25688,24555,24997,25837,23673,,21087,,
585,25415,26587,24679,25269,26296,25688,25706,24997,25837,23673,,20943,,
586,24983,26587,24679,25411,26152,25688,25274,24997,25691,23529,,20942,,
587,24263,26587,24679,25409,26583,25688,25274,24996,25692,23528,,20942,,
588,25269,26443,24679,25552,26439,25689,24842,24996,25692,23385,,20798,,
589,25269,26443,24679,25550,26439,25688,24410,24852,25692,23385,,20653,,
590,25125,26443,24824,25548,26295,25688,24410,24852,25692,23385,,20653,,
591,25125,26444,24824,25691,26151,25545,25849,24852,25547,23385,,20508,,
592,25125,26300,24968,25688,26582,25401,25417,24852,25547,23242,,20508,,
593,25125,26300,24968,25688,26438,25402,25417,26410,25547,23242,,20508,,
594,24981,26300,24968,25688,26150,25256,24841,26411,25547,23242,,20362,,
595,24980,26300,25112,25688,26006,25257,24409,26411,25402,23242,,20362,,
596,24980,26300,25112,25688,26437,25256,24409,26411,25402,22952,,20362,,
597,24836,25147,25112,25557,26293,25256,25848,26411,25402,22953,,20217,,
598,24837,24711,25256,25557,26149,25257,25416,26411,25259,22953,,20217,,
599,24837,24706,25257,25557,26005,25257,25416,26411,25257,22953,,20217,,
600,24837,25277,25257,25558,26580,25257,24984,26411,25113,22810,,19928,,
601,24837,25703,25401,25558,26436,25257,24408,26410,25114,22810,,19928,,
602,24837,25711,25401,25557,26148,25257,24408,26410,25114,22810,,19928,,
603,24837,25862,25401,25557,26004,25257,25847,26266,25114,22810,,19783,,
604,24837,26012,25401,25408,26579,25257,25702,26266,24969,22667,,19783,,
605,24691,26012,25401,25257,26435,25257,25702,26266,24969,22522,,19783,,
606,24691,26012,25545,25257,26291,25257,25702,26266,24969,22522,,19637,,
607,24547,25868,25545,25257,26147,25257,25702,26266,24969,22522,,19637,,
608,24547,25868,25545,25257,26722,25257,25702,26266,24824,22522,,19347,,
609,24547,25868,25690,25257,26434,25257,25558,26266,24824,22378,,19348,,
610,24547,25868,25690,25257,26290,25257,25558,26266,24824,22379,,19348,,
611,24403,25868,25690,25257,26146,25257,25558,26266,24680,22379,,19202,,
612,24402,25868,25690,25257,26002,25701,25413,26266,24679,22379,,19202,,
613,24402,24432,25690,25257,26577,25257,25413,26266,24679,22235,,19202,,
614,24402,24432,25834,25257,26433,25701,25268,26266,24536,22236,,18912,,
615,24258,25724,25834,25257,26145,25701,25268,26266,24536,22091,,18912,,
616,24259,24288,25834,25257,26001,25701,25123,26266,24536,22091,,18913,,
617,24258,24288,25978,25257,26720,25701,25123,26266,24391,22091,,18767,,
618,24258,24288,25978,25257,26432,25701,25122,26266,24391,22091,,18767,,
619,24114,25724,25979,25257,26288,25701,25122,26266,24391,21947,,18767,,
620,24113,24144,26123,25257,26000,25701,24977,26266,24391,21947,,18477,,
621,24113,25580,26123,25402,26719,25701,24977,26266,24245,21803,,18478,,
622,24113,24000,26123,25402,26575,25700,24832,26266,24245,21804,,18478,,
623,24113,25580,26123,25402,26287,25700,24832,26121,24102,21804,,18332,,
624,23969,25580,26123,25546,26143,25700,24687,25983,24102,21659,,18332,,
625,23969,24000,26267,25546,26862,25701,24687,25700,23957,21659,,18041,,
626,23969,25580,26267,25546,26718,25699,24542,25700,23957,21515,,18043,,
627,24408,24000,26267,25546,26430,25698,24542,25699,23957,21516,,17897,,
628,24408,25580,26412,25546,26142,25696,24397,23999,23957,21516,,17753,,
629,24408,25436,26412,25546,25998,25696,24252,25843,23957,21516,,17753,,
630,24408,24287,26412,25546,26573,25694,24252,25843,23812,21372,,17609,,
631,24408,24143,26412,25402,26285,25692,24107,24142,23812,21373,,17609,,
632,23824,23999,26412,25402,25997,25690,24107,24142,23812,21373,,17465,,
633,23971,25435,26556,25403,26860,25690,23961,24142,23668,21228,,17611,,
634,24118,25435,26556,25403,26716,25690,23961,24142,23523,21228,,17321,,
635,24409,25435,26556,25403,26428,25690,23816,24142,23523,21228,,17321,,
636,,25435,26556,25405,26140,25690,23816,25842,23523,21085,,17177,,
637,,23855,26556,25405,25852,25690,23671,25842,23523,21085,,,,
638,,25435,26700,25405,26859,25690,23671,24284,23378,21085,,,,
639,,25435,26701,25405,26571,25690,23526,24285,23378,21085,,,,
640,,23855,26699,25406,26283,25690,23526,24285,23378,20942,,,,
641,,25291,26699,25406,25995,25690,23380,25986,23235,20942,,,,
642,,25291,26699,25406,27002,25690,23236,25986,23235,20796,,,,
643,,25291,26699,25407,26714,25690,23091,25986,23089,20796,,,,
644,,25291,26699,25407,26426,25690,23092,25985,23089,20796,,,,
645,,25291,26699,25407,25994,25690,22946,25985,23089,17654,,,,
646,,23711,26699,25263,27289,25690,22946,25985,23089,17654,,,,
647,,25291,26553,25264,26857,25690,22801,25985,22944,20653,,,,
648,,25291,26553,25264,26569,25690,22654,26123,22800,20653,,,,
649,,25135,26553,25264,26137,25690,22654,26003,22801,20653,,,,
650,,26129,26553,25265,27144,25690,22655,26003,22801,20653,,,,
651,,25291,26553,25265,27144,25690,22512,25859,22654,20653,,,,
652,,23711,26842,25265,26856,25690,22658,25859,22654,20653,,,,
653,,23711,26842,25265,26424,25690,22515,25859,22654,20653,,,,
654,,23711,26842,25266,25848,25690,22515,25859,22654,17511,,,,
655,,25291,26842,25266,27143,25690,22517,25859,22654,20653,,,,
656,,24141,26842,25266,27143,25690,22517,25859,22654,20653,,,,
657,,23996,26842,25267,26567,25690,22517,25859,22654,20653,,,,
658,,23707,26842,25267,26135,25834,22520,25859,22654,17511,,,,
659,,24137,26842,25267,27142,25834,22520,25715,22654,17511,,,,
660,,23848,26842,25268,27142,25834,22376,25715,22654,17511,,,,
661,,23559,26842,25268,26998,25834,22522,25715,22654,17511,,,,
662,,23989,26842,25268,26422,25834,22378,25715,22654,17511,,,,
663,,23700,26842,25268,27141,25834,22379,25715,22654,17511,,,,
664,,23411,26842,25268,27141,25690,22380,25715,22654,17511,,,,
665,,23985,26842,25268,27141,25690,22381,25715,22654,17511,,,,
666,,23552,26842,25268,26709,25690,22381,25715,22654,17511,17240,,,
667,,24270,26841,25268,27140,25690,22382,25715,22654,17511,17240,,,
668,,23981,26841,25268,27140,25690,22527,25714,22654,17511,17240,,,
669,,24986,26841,25268,27140,25690,22527,25570,22798,17655,17240,,,
670,,24986,26841,25268,26276,25690,22527,25570,22798,17655,17240,,,
671,,24986,26841,25268,27139,25690,22383,25570,22798,17655,17240,,,
672,,24986,26841,25268,27139,25690,22383,25570,22798,20511,17240,,,
673,,24986,26841,25268,27139,25690,22383,25570,22798,20511,17240,,,
674,,24986,26698,25268,27139,25690,22383,25570,22798,20511,17240,,,
675,,,26699,25268,27138,25690,22239,25570,25267,20511,17240,,,
676,,25146,26700,25268,27138,25690,22239,25570,25267,20511,17240,,,
677,,25146,26700,25268,27138,25690,22239,25570,25267,20511,17240,,,
678,,25146,26700,,27138,25690,21950,25426,25267,20511,17240,,,
679,,25146,26700,,26274,25689,,25426,25267,20511,17240,,,
680,,25145,26700,,27137,25977,,25426,25267,20511,17240,,,
681,,25145,26699,,27137,26121,,25426,25267,20511,17240,,,
682,,25145,26843,,27137,26553,,25426,25267,20511,17240,,,
683,,25145,26699,,27137,26697,,25426,22798,17369,17240,,,
684,,25145,26844,,27136,27129,,25426,22798,17369,17241,,,
685,,25145,26844,,27136,26842,,25426,22798,17369,17241,,,
686,,25145,26844,,27136,26697,,25426,22798,17369,17241,,,
687,,25145,26844,,27136,26267,,25426,22798,17369,17241,,,
688,,25145,26843,,27136,26123,,25425,22798,17369,17241,,,
689,,25145,,,27135,25836,,25281,22798,17369,17241,,,
690,,25145,,,27135,25691,,25281,22798,17369,17241,,,
691,,25145,,,27135,25547,,25281,22798,17370,17241,,,
692,,25145,,,27135,25260,,25281,22798,17370,17241,,,
693,,25145,,,27135,24972,,25281,22798,17370,17241,,,
694,,25145,,,27134,24685,,25281,22798,17370,17241,,,
695,,25145,,,27134,24541,,25281,22798,17370,,,,
696,,25145,,,27134,24540,,25281,22798,17370,,,,
697,,25145,,,27134,24110,,25281,22798,17370,,,,
698,,25145,,,26989,23965,,25137,22798,17370,,,,
699,,25145,,,26989,23679,,25137,22799,20369,,,,
700,,25145,,,26989,23534,,25137,22943,17228,,,,
701,,25145,,,26989,23533,,25137,22943,20369,,,,
702,,25145,,,27132,23103,,25137,22943,17228,,,,
703,,25145,,,,23102,,25137,22943,20369,,,,
704,,25145,,,,22816,,25137,22943,20369,,,,
705,,25145,,,,22671,,25137,22943,20369,,,,
706,,25145,,,,22527,,25137,22943,17228,,,,
707,,25145,,,,22240,,25137,22943,20369,,,,
708,,25145,,,,22239,,25401,22943,20369,,,,
709,,25145,,,,21953,,,22943,20797,,,,
710,,25145,,,,21808,,,25413,20797,,,,
711,,25145,,,,21664,,,22943,17656,,,,
712,,25145,,,,21377,,,25413,17514,,,,
713,,25145,,,,21376,,,22943,20370,,,,
714,,25145,,,,21090,,,25413,20370,,,,
715,,25145,,,,20945,,,25413,17229,,,,
716,,25145,,,,20801,,,25413,20370,,,,
717,,25145,,,,20658,,,22943,20370,,,,
718,,25145,,,,20513,,,22943,20370,,,,
719,,25145,,,,20370,,,25413,20370,,,,
720,,25145,,,,,,,22943,20370,,,,
721,,,,,,,,,,,,,,
722,,,,,,,,,,,,,,
723,,,,,,,,,,,,,,
724,,,,,,,,,,,,,,
725,,,,,,,,,,,,,,
726,,,,,,,,,,,,,,
727,,,,,,,,,,,,,,
728,,,,,,,,,,,,,,
729,,,,,,,,,,,,,,
730,,,,,,,,,,,,,,
731,,,,,,,,,,,,,,
732,,,,,,,,,,,,,,
733,,,,,,,,,,,,,,
734,,,,,,,,,,,,,,
735,,,,,,,,,,,,,,
736,,,,,,,,,,,,,,
737,,,,,,,,,,,,,,
738,,,,,,,,,,,,,,
739,,,,,,,,,,,,,,
740,,,,,,,,,,,,,,
741,,,,,,,,,,,,,,
742,,,,,,,,,,,,,,
743,,,,,,,,,,,,,,
744,,,,,,,,,,,,,,
745,,,,,,,,,,,,,,
746,,,,,,,,,,,,,,
747,,,,,,,,,,,,,,
748,,,,,,,,,,,,,,
749,,,,,,,,,,,,,,
